Elpadrino;Elbuenoelfeoyelmalo;Titanic;AmericanBeauty;Interstellar;Elresplandor;
Enbuscadelafelicidad;Cadenaperpetua;Psicosis;Naufrago;Braveheart;Elsextosentido;Interstellar;Alieneloctavopasajero;
Enbuscadelafelicidad;Cadenaperpetua;PulpFiction;IndianaJones.Enbuscadelarcaperdida;Psicosis;Elsenordelosanillos:Lacomunidaddelanillo;AmericanHistoryX;Seven;Elpianista;Infiltrados;Losmiserables;Elsenordelosanillos:Lasdostorres;Elreyleon;Requiemporunsueno;Unamentemaravillosa;Interstellar;
Enbuscadelafelicidad;Braveheart;Elsenordelosanillos:Lasdostorres;
Elbuenoelfeoyelmalo;Titanic;AmericanBeauty;Interstellar;Elresplandor;
Elbuenoelfeoyelmalo;Cadenaperpetua;Elsilenciodeloscorderos;Matrix;IndianaJones.Enbuscadelarcaperdida;Casablanca;Elsenordelosanillos:Elretornodelrey;Psicosis;StarWars.Elimperiocontraataca;Naufrago;SalvaralsoldadoRyan;Elsenordelosanillos:Lacomunidaddelanillo;Braveheart;Terminator2:Eljuiciofinal;Laguerradelasgalaxias;Titanic;ApocalypseNow;Regresoalfuturo;Elsenordelosanillos:Lasdostorres;AmericanBeauty;Requiemporunsueno;Elsextosentido;Alieneloctavopasajero;Elresplandor;
Elbuenoelfeoyelmalo;AmericanHistoryX;Regresoalfuturo;
Elbuenoelfeoyelmalo;Matrix;Elsenordelosanillos:Elretornodelrey;StarWars.Elimperiocontraataca;Naufrago;Elsenordelosanillos:Lacomunidaddelanillo;Apocalypto;Elclubdelalucha;Laguerradelasgalaxias;Titanic;Elsenordelosanillos:Lasdostorres;Eltrucofinal(Elprestigio);Intocable;Unamentemaravillosa;Interstellar;Alieneloctavopasajero;Elresplandor;
Elbuenoelfeoyelmalo;Cadenaperpetua;CiudaddeDios;Apocalypto;Memento;
Elbuenoelfeoyelmalo;Cadenaperpetua;StarWars.Elimperiocontraataca;Origen;Laguerradelasgalaxias;Interstellar;
Elbuenoelfeoyelmalo;PulpFiction;Elsenordelosanillos:Elretornodelrey;Psicosis;Origen;Apocalypto;Elclubdelalucha;Losmiserables;Elresplandor;Batman.Elcaballerooscuro;
Elpadrino.ParteII;IndianaJones.Enbuscadelarcaperdida;StarWars.Elimperiocontraataca;Elclubdelalucha;
Elpadrino.ParteII;ForrestGump;Apocalypto;Titanic;ApocalypseNow;Elresplandor;
Elpadrino.ParteII;Matrix;PulpFiction;Casablanca;CiudaddeDios;Gladiator;Seven;Terminator2:Eljuiciofinal;Elclubdelalucha;ApocalypseNow;Eltrucofinal(Elprestigio);Elsextosentido;Interstellar;Batman.Elcaballerooscuro;
Elpadrino.ParteII;PulpFiction;Casablanca;
Elpadrino.ParteII;Psicosis;
Cadenaperpetua;Elsilenciodeloscorderos;Matrix;IndianaJones.Enbuscadelarcaperdida;Casablanca;Elsenordelosanillos:Elretornodelrey;Psicosis;StarWars.Elimperiocontraataca;Naufrago;SalvaralsoldadoRyan;Elsenordelosanillos:Lacomunidaddelanillo;Braveheart;Terminator2:Eljuiciofinal;Laguerradelasgalaxias;Titanic;ApocalypseNow;Regresoalfuturo;Elsenordelosanillos:Lasdostorres;AmericanBeauty;Requiemporunsueno;Elsextosentido;Alieneloctavopasajero;Elresplandor;
Cadenaperpetua;Psicosis;Naufrago;Braveheart;Elsextosentido;Interstellar;Alieneloctavopasajero;
Cadenaperpetua;CiudaddeDios;Apocalypto;Memento;
Cadenaperpetua;StarWars.Elimperiocontraataca;Origen;Laguerradelasgalaxias;Interstellar;
Cadenaperpetua;PulpFiction;IndianaJones.Enbuscadelarcaperdida;Psicosis;Elsenordelosanillos:Lacomunidaddelanillo;AmericanHistoryX;Seven;Elpianista;Infiltrados;Losmiserables;Elsenordelosanillos:Lasdostorres;Elreyleon;Requiemporunsueno;Unamentemaravillosa;Interstellar;
Elsilenciodeloscorderos;Matrix;IndianaJones.Enbuscadelarcaperdida;Casablanca;Elsenordelosanillos:Elretornodelrey;Psicosis;StarWars.Elimperiocontraataca;Naufrago;SalvaralsoldadoRyan;Elsenordelosanillos:Lacomunidaddelanillo;Braveheart;Terminator2:Eljuiciofinal;Laguerradelasgalaxias;Titanic;ApocalypseNow;Regresoalfuturo;Elsenordelosanillos:Lasdostorres;AmericanBeauty;Requiemporunsueno;Elsextosentido;Alieneloctavopasajero;Elresplandor;
Elsilenciodeloscorderos;IndianaJones.Enbuscadelarcaperdida;Terminator2:Eljuiciofinal;Infiltrados;ApocalypseNow;Regresoalfuturo;Elsextosentido;Alieneloctavopasajero;
Matrix;IndianaJones.Enbuscadelarcaperdida;Casablanca;Elsenordelosanillos:Elretornodelrey;Psicosis;StarWars.Elimperiocontraataca;Naufrago;SalvaralsoldadoRyan;Elsenordelosanillos:Lacomunidaddelanillo;Braveheart;Terminator2:Eljuiciofinal;Laguerradelasgalaxias;Titanic;ApocalypseNow;Regresoalfuturo;Elsenordelosanillos:Lasdostorres;AmericanBeauty;Requiemporunsueno;Elsextosentido;Alieneloctavopasajero;Elresplandor;
Matrix;PulpFiction;Casablanca;CiudaddeDios;Gladiator;Seven;Terminator2:Eljuiciofinal;Elclubdelalucha;ApocalypseNow;Eltrucofinal(Elprestigio);Elsextosentido;Interstellar;Batman.Elcaballerooscuro;
Matrix;Elsenordelosanillos:Elretornodelrey;StarWars.Elimperiocontraataca;Naufrago;Elsenordelosanillos:Lacomunidaddelanillo;Apocalypto;Elclubdelalucha;Laguerradelasgalaxias;Titanic;Elsenordelosanillos:Lasdostorres;Eltrucofinal(Elprestigio);Intocable;Unamentemaravillosa;Interstellar;Alieneloctavopasajero;Elresplandor;
PulpFiction;Casablanca;CiudaddeDios;Gladiator;Seven;Terminator2:Eljuiciofinal;Elclubdelalucha;ApocalypseNow;Eltrucofinal(Elprestigio);Elsextosentido;Interstellar;Batman.Elcaballerooscuro;
PulpFiction;Casablanca;
PulpFiction;Casablanca;Elresplandor;
PulpFiction;Elclubdelalucha;
PulpFiction;IndianaJones.Enbuscadelarcaperdida;Psicosis;Elsenordelosanillos:Lacomunidaddelanillo;AmericanHistoryX;Seven;Elpianista;Infiltrados;Losmiserables;Elsenordelosanillos:Lasdostorres;Elreyleon;Requiemporunsueno;Unamentemaravillosa;Interstellar;
PulpFiction;Elsenordelosanillos:Elretornodelrey;Psicosis;Origen;Apocalypto;Elclubdelalucha;Losmiserables;Elresplandor;Batman.Elcaballerooscuro;
IndianaJones.Enbuscadelarcaperdida;Casablanca;Elsenordelosanillos:Elretornodelrey;Psicosis;StarWars.Elimperiocontraataca;Naufrago;SalvaralsoldadoRyan;Elsenordelosanillos:Lacomunidaddelanillo;Braveheart;Terminator2:Eljuiciofinal;Laguerradelasgalaxias;Titanic;ApocalypseNow;Regresoalfuturo;Elsenordelosanillos:Lasdostorres;AmericanBeauty;Requiemporunsueno;Elsextosentido;Alieneloctavopasajero;Elresplandor;
IndianaJones.Enbuscadelarcaperdida;StarWars.Elimperiocontraataca;Elclubdelalucha;
IndianaJones.Enbuscadelarcaperdida;Casablanca;Gladiator;Laguerradelasgalaxias;ApocalypseNow;
IndianaJones.Enbuscadelarcaperdida;Terminator2:Eljuiciofinal;Infiltrados;ApocalypseNow;Regresoalfuturo;Elsextosentido;Alieneloctavopasajero;
IndianaJones.Enbuscadelarcaperdida;Apocalypto;Terminator2:Eljuiciofinal;Requiemporunsueno;
IndianaJones.Enbuscadelarcaperdida;Psicosis;Elsenordelosanillos:Lacomunidaddelanillo;AmericanHistoryX;Seven;Elpianista;Infiltrados;Losmiserables;Elsenordelosanillos:Lasdostorres;Elreyleon;Requiemporunsueno;Unamentemaravillosa;Interstellar;
IndianaJones.Enbuscadelarcaperdida;Casablanca;Apocalypto;Regresoalfuturo;Alieneloctavopasajero;Elresplandor;
IndianaJones.Enbuscadelarcaperdida;Elsenordelosanillos:Elretornodelrey;StarWars.Elimperiocontraataca;Naufrago;Lamillaverde;Braveheart;Terminator2:Eljuiciofinal;Elpianista;AmericanBeauty;
Casablanca;Elsenordelosanillos:Elretornodelrey;Psicosis;StarWars.Elimperiocontraataca;Naufrago;SalvaralsoldadoRyan;Elsenordelosanillos:Lacomunidaddelanillo;Braveheart;Terminator2:Eljuiciofinal;Laguerradelasgalaxias;Titanic;ApocalypseNow;Regresoalfuturo;Elsenordelosanillos:Lasdostorres;AmericanBeauty;Requiemporunsueno;Elsextosentido;Alieneloctavopasajero;Elresplandor;
Casablanca;CiudaddeDios;Gladiator;Seven;Terminator2:Eljuiciofinal;Elclubdelalucha;ApocalypseNow;Eltrucofinal(Elprestigio);Elsextosentido;Interstellar;Batman.Elcaballerooscuro;
Casablanca;Gladiator;Laguerradelasgalaxias;ApocalypseNow;
Casablanca;
Casablanca;Elresplandor;
Casablanca;Apocalypto;Regresoalfuturo;Alieneloctavopasajero;Elresplandor;
ForrestGump;Apocalypto;Titanic;ApocalypseNow;Elresplandor;
ForrestGump;AmericanHistoryX;Origen;Elsenordelosanillos:Lasdostorres;
CiudaddeDios;Gladiator;Seven;Terminator2:Eljuiciofinal;Elclubdelalucha;ApocalypseNow;Eltrucofinal(Elprestigio);Elsextosentido;Interstellar;Batman.Elcaballerooscuro;
CiudaddeDios;Memento;Batman.Elcaballerooscuro;
CiudaddeDios;Apocalypto;Memento;
CiudaddeDios;Origen;Elclubdelalucha;Losmiserables;Titanic;Memento;Elsextosentido;Batman.Elcaballerooscuro;
Elsenordelosanillos:Elretornodelrey;Psicosis;StarWars.Elimperiocontraataca;Naufrago;SalvaralsoldadoRyan;Elsenordelosanillos:Lacomunidaddelanillo;Braveheart;Terminator2:Eljuiciofinal;Laguerradelasgalaxias;Titanic;ApocalypseNow;Regresoalfuturo;Elsenordelosanillos:Lasdostorres;AmericanBeauty;Requiemporunsueno;Elsextosentido;Alieneloctavopasajero;Elresplandor;
Elsenordelosanillos:Elretornodelrey;StarWars.Elimperiocontraataca;Naufrago;Elsenordelosanillos:Lacomunidaddelanillo;Apocalypto;Elclubdelalucha;Laguerradelasgalaxias;Titanic;Elsenordelosanillos:Lasdostorres;Eltrucofinal(Elprestigio);Intocable;Unamentemaravillosa;Interstellar;Alieneloctavopasajero;Elresplandor;
Elsenordelosanillos:Elretornodelrey;Psicosis;Origen;Apocalypto;Elclubdelalucha;Losmiserables;Elresplandor;Batman.Elcaballerooscuro;
Elsenordelosanillos:Elretornodelrey;StarWars.Elimperiocontraataca;Naufrago;Lamillaverde;Braveheart;Terminator2:Eljuiciofinal;Elpianista;AmericanBeauty;
Psicosis;StarWars.Elimperiocontraataca;Naufrago;SalvaralsoldadoRyan;Elsenordelosanillos:Lacomunidaddelanillo;Braveheart;Terminator2:Eljuiciofinal;Laguerradelasgalaxias;Titanic;ApocalypseNow;Regresoalfuturo;Elsenordelosanillos:Lasdostorres;AmericanBeauty;Requiemporunsueno;Elsextosentido;Alieneloctavopasajero;Elresplandor;
Psicosis;Naufrago;Braveheart;Elsextosentido;Interstellar;Alieneloctavopasajero;
Psicosis;
Psicosis;
Psicosis;Elsenordelosanillos:Lacomunidaddelanillo;AmericanHistoryX;Seven;Elpianista;Infiltrados;Losmiserables;Elsenordelosanillos:Lasdostorres;Elreyleon;Requiemporunsueno;Unamentemaravillosa;Interstellar;
Psicosis;Origen;Apocalypto;Elclubdelalucha;Losmiserables;Elresplandor;Batman.Elcaballerooscuro;
StarWars.Elimperiocontraataca;Naufrago;SalvaralsoldadoRyan;Elsenordelosanillos:Lacomunidaddelanillo;Braveheart;Terminator2:Eljuiciofinal;Laguerradelasgalaxias;Titanic;ApocalypseNow;Regresoalfuturo;Elsenordelosanillos:Lasdostorres;AmericanBeauty;Requiemporunsueno;Elsextosentido;Alieneloctavopasajero;Elresplandor;
StarWars.Elimperiocontraataca;Elclubdelalucha;
StarWars.Elimperiocontraataca;Naufrago;Elsenordelosanillos:Lacomunidaddelanillo;Apocalypto;Elclubdelalucha;Laguerradelasgalaxias;Titanic;Elsenordelosanillos:Lasdostorres;Eltrucofinal(Elprestigio);Intocable;Unamentemaravillosa;Interstellar;Alieneloctavopasajero;Elresplandor;
StarWars.Elimperiocontraataca;Laguerradelasgalaxias;
StarWars.Elimperiocontraataca;Origen;Laguerradelasgalaxias;Interstellar;
StarWars.Elimperiocontraataca;Naufrago;Lamillaverde;Braveheart;Terminator2:Eljuiciofinal;Elpianista;AmericanBeauty;
Gladiator;Seven;Terminator2:Eljuiciofinal;Elclubdelalucha;ApocalypseNow;Eltrucofinal(Elprestigio);Elsextosentido;Interstellar;Batman.Elcaballerooscuro;
Gladiator;Laguerradelasgalaxias;ApocalypseNow;
Gladiator;Terminator2:Eljuiciofinal;Elclubdelalucha;
Naufrago;SalvaralsoldadoRyan;Elsenordelosanillos:Lacomunidaddelanillo;Braveheart;Terminator2:Eljuiciofinal;Laguerradelasgalaxias;Titanic;ApocalypseNow;Regresoalfuturo;Elsenordelosanillos:Lasdostorres;AmericanBeauty;Requiemporunsueno;Elsextosentido;Alieneloctavopasajero;Elresplandor;
Naufrago;Braveheart;Elsextosentido;Interstellar;Alieneloctavopasajero;
Naufrago;Elsenordelosanillos:Lacomunidaddelanillo;Apocalypto;Elclubdelalucha;Laguerradelasgalaxias;Titanic;Elsenordelosanillos:Lasdostorres;Eltrucofinal(Elprestigio);Intocable;Unamentemaravillosa;Interstellar;Alieneloctavopasajero;Elresplandor;
Naufrago;Braveheart;Titanic;
Naufrago;Lamillaverde;Braveheart;Terminator2:Eljuiciofinal;Elpianista;AmericanBeauty;
SalvaralsoldadoRyan;Elsenordelosanillos:Lacomunidaddelanillo;Braveheart;Terminator2:Eljuiciofinal;Laguerradelasgalaxias;Titanic;ApocalypseNow;Regresoalfuturo;Elsenordelosanillos:Lasdostorres;AmericanBeauty;Requiemporunsueno;Elsextosentido;Alieneloctavopasajero;Elresplandor;
Elsenordelosanillos:Lacomunidaddelanillo;Braveheart;Terminator2:Eljuiciofinal;Laguerradelasgalaxias;Titanic;ApocalypseNow;Regresoalfuturo;Elsenordelosanillos:Lasdostorres;AmericanBeauty;Requiemporunsueno;Elsextosentido;Alieneloctavopasajero;Elresplandor;
Elsenordelosanillos:Lacomunidaddelanillo;Apocalypto;Elclubdelalucha;Laguerradelasgalaxias;Titanic;Elsenordelosanillos:Lasdostorres;Eltrucofinal(Elprestigio);Intocable;Unamentemaravillosa;Interstellar;Alieneloctavopasajero;Elresplandor;
Elsenordelosanillos:Lacomunidaddelanillo;AmericanHistoryX;Seven;Elpianista;Infiltrados;Losmiserables;Elsenordelosanillos:Lasdostorres;Elreyleon;Requiemporunsueno;Unamentemaravillosa;Interstellar;
Elsenordelosanillos:Lacomunidaddelanillo;
AmericanHistoryX;Regresoalfuturo;
AmericanHistoryX;Seven;Elpianista;Infiltrados;Losmiserables;Elsenordelosanillos:Lasdostorres;Elreyleon;Requiemporunsueno;Unamentemaravillosa;Interstellar;
AmericanHistoryX;Origen;Elsenordelosanillos:Lasdostorres;
AmericanHistoryX;
Lamillaverde;Braveheart;Terminator2:Eljuiciofinal;Elpianista;AmericanBeauty;
Origen;Terminator2:Eljuiciofinal;Titanic;Regresoalfuturo;Eltrucofinal(Elprestigio);Requiemporunsueno;Elsextosentido;
Origen;Laguerradelasgalaxias;Interstellar;
Origen;Elsenordelosanillos:Lasdostorres;
Origen;Elclubdelalucha;Losmiserables;Titanic;Memento;Elsextosentido;Batman.Elcaballerooscuro;
Origen;Apocalypto;Elclubdelalucha;Losmiserables;Elresplandor;Batman.Elcaballerooscuro;
Origen;Interstellar;
Origen;
Seven;Terminator2:Eljuiciofinal;Elclubdelalucha;ApocalypseNow;Eltrucofinal(Elprestigio);Elsextosentido;Interstellar;Batman.Elcaballerooscuro;
Seven;Elpianista;Infiltrados;Losmiserables;Elsenordelosanillos:Lasdostorres;Elreyleon;Requiemporunsueno;Unamentemaravillosa;Interstellar;
Apocalypto;Titanic;ApocalypseNow;Elresplandor;
Apocalypto;Elclubdelalucha;Laguerradelasgalaxias;Titanic;Elsenordelosanillos:Lasdostorres;Eltrucofinal(Elprestigio);Intocable;Unamentemaravillosa;Interstellar;Alieneloctavopasajero;Elresplandor;
Apocalypto;Memento;
Apocalypto;Terminator2:Eljuiciofinal;Requiemporunsueno;
Apocalypto;
Apocalypto;Regresoalfuturo;Alieneloctavopasajero;Elresplandor;
Apocalypto;Elclubdelalucha;Losmiserables;Elresplandor;Batman.Elcaballerooscuro;
Apocalypto;Titanic;ApocalypseNow;Elresplandor;
Apocalypto;Elclubdelalucha;Laguerradelasgalaxias;Titanic;Elsenordelosanillos:Lasdostorres;Eltrucofinal(Elprestigio);Intocable;Unamentemaravillosa;Interstellar;Alieneloctavopasajero;Elresplandor;
Apocalypto;Memento;
Apocalypto;Terminator2:Eljuiciofinal;Requiemporunsueno;
Apocalypto;
Apocalypto;Regresoalfuturo;Alieneloctavopasajero;Elresplandor;
Apocalypto;Elclubdelalucha;Losmiserables;Elresplandor;Batman.Elcaballerooscuro;
Braveheart;Terminator2:Eljuiciofinal;Laguerradelasgalaxias;Titanic;ApocalypseNow;Regresoalfuturo;Elsenordelosanillos:Lasdostorres;AmericanBeauty;Requiemporunsueno;Elsextosentido;Alieneloctavopasajero;Elresplandor;
Braveheart;Elsextosentido;Interstellar;Alieneloctavopasajero;
Braveheart;Titanic;
Braveheart;Terminator2:Eljuiciofinal;Elpianista;AmericanBeauty;
Braveheart;Elsenordelosanillos:Lasdostorres;
Terminator2:Eljuiciofinal;Laguerradelasgalaxias;Titanic;ApocalypseNow;Regresoalfuturo;Elsenordelosanillos:Lasdostorres;AmericanBeauty;Requiemporunsueno;Elsextosentido;Alieneloctavopasajero;Elresplandor;
Terminator2:Eljuiciofinal;Elclubdelalucha;ApocalypseNow;Eltrucofinal(Elprestigio);Elsextosentido;Interstellar;Batman.Elcaballerooscuro;
Terminator2:Eljuiciofinal;Titanic;Alieneloctavopasajero;
Terminator2:Eljuiciofinal;Titanic;Regresoalfuturo;Eltrucofinal(Elprestigio);Requiemporunsueno;Elsextosentido;
Terminator2:Eljuiciofinal;Infiltrados;ApocalypseNow;Regresoalfuturo;Elsextosentido;Alieneloctavopasajero;
Terminator2:Eljuiciofinal;Requiemporunsueno;
Terminator2:Eljuiciofinal;Elclubdelalucha;
Terminator2:Eljuiciofinal;Elpianista;AmericanBeauty;
Elclubdelalucha;
Elclubdelalucha;ApocalypseNow;Eltrucofinal(Elprestigio);Elsextosentido;Interstellar;Batman.Elcaballerooscuro;
Elclubdelalucha;Laguerradelasgalaxias;Titanic;Elsenordelosanillos:Lasdostorres;Eltrucofinal(Elprestigio);Intocable;Unamentemaravillosa;Interstellar;Alieneloctavopasajero;Elresplandor;
Elclubdelalucha;
Elclubdelalucha;
Elclubdelalucha;Losmiserables;Titanic;Memento;Elsextosentido;Batman.Elcaballerooscuro;
Elclubdelalucha;Losmiserables;Elresplandor;Batman.Elcaballerooscuro;
Elpianista;Infiltrados;Losmiserables;Elsenordelosanillos:Lasdostorres;Elreyleon;Requiemporunsueno;Unamentemaravillosa;Interstellar;
Elpianista;AmericanBeauty;
Infiltrados;ApocalypseNow;Regresoalfuturo;Elsextosentido;Alieneloctavopasajero;
Infiltrados;Losmiserables;Elsenordelosanillos:Lasdostorres;Elreyleon;Requiemporunsueno;Unamentemaravillosa;Interstellar;
Laguerradelasgalaxias;Titanic;ApocalypseNow;Regresoalfuturo;Elsenordelosanillos:Lasdostorres;AmericanBeauty;Requiemporunsueno;Elsextosentido;Alieneloctavopasajero;Elresplandor;
Laguerradelasgalaxias;ApocalypseNow;
Laguerradelasgalaxias;Titanic;Elsenordelosanillos:Lasdostorres;Eltrucofinal(Elprestigio);Intocable;Unamentemaravillosa;Interstellar;Alieneloctavopasajero;Elresplandor;
Laguerradelasgalaxias;
Laguerradelasgalaxias;Interstellar;
Laguerradelasgalaxias;Requiemporunsueno;Interstellar;
Losmiserables;Elsenordelosanillos:Lasdostorres;Elreyleon;Requiemporunsueno;Unamentemaravillosa;Interstellar;
Losmiserables;Titanic;Memento;Elsextosentido;Batman.Elcaballerooscuro;
Losmiserables;Elresplandor;Batman.Elcaballerooscuro;
Titanic;AmericanBeauty;Interstellar;Elresplandor;
Titanic;ApocalypseNow;Regresoalfuturo;Elsenordelosanillos:Lasdostorres;AmericanBeauty;Requiemporunsueno;Elsextosentido;Alieneloctavopasajero;Elresplandor;
Titanic;ApocalypseNow;Elresplandor;
Titanic;Alieneloctavopasajero;
Titanic;Elsenordelosanillos:Lasdostorres;Eltrucofinal(Elprestigio);Intocable;Unamentemaravillosa;Interstellar;Alieneloctavopasajero;Elresplandor;
Titanic;Regresoalfuturo;Eltrucofinal(Elprestigio);Requiemporunsueno;Elsextosentido;
Titanic;
Titanic;Memento;Elsextosentido;Batman.Elcaballerooscuro;
Titanic;
Titanic;AmericanBeauty;
Memento;Batman.Elcaballerooscuro;
Memento;
Memento;Elsextosentido;Batman.Elcaballerooscuro;
ApocalypseNow;Regresoalfuturo;Elsenordelosanillos:Lasdostorres;AmericanBeauty;Requiemporunsueno;Elsextosentido;Alieneloctavopasajero;Elresplandor;
ApocalypseNow;Elresplandor;
ApocalypseNow;Eltrucofinal(Elprestigio);Elsextosentido;Interstellar;Batman.Elcaballerooscuro;
ApocalypseNow;
ApocalypseNow;Regresoalfuturo;Elsextosentido;Alieneloctavopasajero;
Regresoalfuturo;Elsenordelosanillos:Lasdostorres;AmericanBeauty;Requiemporunsueno;Elsextosentido;Alieneloctavopasajero;Elresplandor;
Regresoalfuturo;
Regresoalfuturo;Eltrucofinal(Elprestigio);Requiemporunsueno;Elsextosentido;
Regresoalfuturo;Elsextosentido;Alieneloctavopasajero;
Regresoalfuturo;Alieneloctavopasajero;Elresplandor;
Elsenordelosanillos:Lasdostorres;AmericanBeauty;Requiemporunsueno;Elsextosentido;Alieneloctavopasajero;Elresplandor;
Elsenordelosanillos:Lasdostorres;Eltrucofinal(Elprestigio);Intocable;Unamentemaravillosa;Interstellar;Alieneloctavopasajero;Elresplandor;
Elsenordelosanillos:Lasdostorres;Elreyleon;Requiemporunsueno;Unamentemaravillosa;Interstellar;
Elsenordelosanillos:Lasdostorres;
Elsenordelosanillos:Lasdostorres;
Eltrucofinal(Elprestigio);Elsextosentido;Interstellar;Batman.Elcaballerooscuro;
Eltrucofinal(Elprestigio);Intocable;Unamentemaravillosa;Interstellar;Alieneloctavopasajero;Elresplandor;
Eltrucofinal(Elprestigio);Requiemporunsueno;Elsextosentido;
AmericanBeauty;Interstellar;Elresplandor;
AmericanBeauty;Requiemporunsueno;Elsextosentido;Alieneloctavopasajero;Elresplandor;
AmericanBeauty;
AmericanBeauty;
Elreyleon;Requiemporunsueno;Unamentemaravillosa;Interstellar;
Requiemporunsueno;Elsextosentido;Alieneloctavopasajero;Elresplandor;
Requiemporunsueno;Elsextosentido;
Requiemporunsueno;
Requiemporunsueno;Unamentemaravillosa;Interstellar;
Requiemporunsueno;Interstellar;
Elsextosentido;Alieneloctavopasajero;Elresplandor;
Elsextosentido;Interstellar;Alieneloctavopasajero;
Elsextosentido;Interstellar;Batman.Elcaballerooscuro;
Elsextosentido;
Elsextosentido;Alieneloctavopasajero;
Elsextosentido;Batman.Elcaballerooscuro;
Intocable;Unamentemaravillosa;Interstellar;Alieneloctavopasajero;Elresplandor;
Unamentemaravillosa;Interstellar;Alieneloctavopasajero;Elresplandor;
Unamentemaravillosa;Interstellar;
Interstellar;Elresplandor;
Interstellar;Alieneloctavopasajero;
Interstellar;Batman.Elcaballerooscuro;
Interstellar;Alieneloctavopasajero;Elresplandor;
Interstellar;
Interstellar;
Interstellar;
Interstellar;
Alieneloctavopasajero;Elresplandor;
Alieneloctavopasajero;
Alieneloctavopasajero;
Alieneloctavopasajero;Elresplandor;
Alieneloctavopasajero;
Alieneloctavopasajero;Elresplandor;
Elresplandor;
Elresplandor;
Elresplandor;
Elresplandor;
Elresplandor;
Elresplandor;
Elresplandor;Batman.Elcaballerooscuro;
LalistadeSchindler;
Lavidaesbella;
Unodelosnuestros;
