Elpadrino;Elpadrino.ParteII;
Elpadrino;Elpadrino.ParteII;Cadenaperpetua;Elsilenciodeloscorderos;PulpFiction;Psicosis;Naufrago;AmericanHistoryX;Origen;Braveheart;Terminator2:Eljuiciofinal;Elclubdelalucha;Laguerradelasgalaxias;Memento;Regresoalfuturo;Eltrucofinal(Elprestigio);Unodelosnuestros;Requiemporunsueno;Elsextosentido;Interstellar;Alieneloctavopasajero;Elresplandor;Batman.Elcaballerooscuro
Elpadrino;Elpadrino.ParteII;
Elpadrino;Matrix;Elsenordelosanillos:Elretornodelrey;Elsenordelosanillos:Lacomunidaddelanillo;Elsenordelosanillos:Lasdostorres;Elsextosentido;
Elpadrino;Elpadrino.ParteII;IndianaJones.Enbuscadelarcaperdida;Casablanca;Elsenordelosanillos:Elretornodelrey;Psicosis;StarWars.Elimperiocontraataca;Elsenordelosanillos:Lacomunidaddelanillo;AmericanHistoryX;Terminator2:Eljuiciofinal;Laguerradelasgalaxias;Memento;Regresoalfuturo;Elsenordelosanillos:Lasdostorres;Alieneloctavopasajero;
Elpadrino;ElbuenoElfeoyelmalo;Titanic;AmericanBeauty;Interstellar;Elresplandor;
Elpadrino;Elsilenciodeloscorderos;Matrix;Elsenordelosanillos:Elretornodelrey;Naufrago;Elsenordelosanillos:Lacomunidaddelanillo;Seven;Titanic;Elsenordelosanillos:Lasdostorres;Eltrucofinal(Elprestigio);
Elpadrino;Elpadrino.ParteII;Elsenordelosanillos:Lasdostorres;
Enbuscadelafelicidad;
Enbuscadelafelicidad;Apocalypto;
Enbuscadelafelicidad;Cadenaperpetua;PulpFiction;IndianaJones.Enbuscadelarcaperdida;Psicosis;Elsenordelosanillos:Lacomunidaddelanillo;AmericanHistoryX;Seven;Elpianista;Infiltrados;Losmiserables;Elsenordelosanillos:Lasdostorres;Elreyleon;Requiemporunsueno;Unamentemaravillosa;Interstellar;
Enbuscadelafelicidad;Elsilenciodeloscorderos;Matrix;Titanic;Requiemporunsueno;
Enbuscadelafelicidad;ElbuenoElfeoyelmalo;Elpadrino.ParteII;LalistadeSchindler;Cadenaperpetua;Elsilenciodeloscorderos;PulpFiction;IndianaJones.Enbuscadelarcaperdida;ForrestGump;Gladiator;Naufrago;Lamillaverde;Seven;Apocalypto;Infiltrados;Laguerradelasgalaxias;ApocalypseNow;Regresoalfuturo;Elsextosentido;Intocable;Interstellar;Alieneloctavopasajero;Elresplandor;
Enbuscadelafelicidad;Braveheart;Elsenordelosanillos:Lasdostorres;
Enbuscadelafelicidad;Cadenaperpetua;Psicosis;Naufrago;Braveheart;Elsextosentido;Interstellar;Alieneloctavopasajero;
Enbuscadelafelicidad;IndianaJones.Enbuscadelarcaperdida;StarWars.Elimperiocontraataca;Origen;Braveheart;Titanic;Regresoalfuturo;
ElbuenoElfeoyelmalo;IndianaJones.Enbuscadelarcaperdida;Elsenordelosanillos:Elretornodelrey;Seven;Braveheart;Laguerradelasgalaxias;Losmiserables;Titanic;ApocalypseNow;AmericanBeauty;Elreyleon;Elresplandor;Batman.Elcaballerooscuro
ElbuenoElfeoyelmalo;AmericanHistoryX;Regresoalfuturo
ElbuenoElfeoyelmalo;Matrix;Elsenordelosanillos:Elretornodelrey;StarWars.Elimperiocontraataca;Naufrago;Elsenordelosanillos:Lacomunidaddelanillo;Apocalypto;Elclubdelalucha;Laguerradelasgalaxias;Titanic;Elsenordelosanillos:Lasdostorres;Eltrucofinal(Elprestigio);Intocable;Unamentemaravillosa;Interstellar;Alieneloctavopasajero;Elresplandor
ElbuenoElfeoyelmalo;Seven
ElbuenoElfeoyelmalo;Cadenaperpetua;CiudaddeDios;Apocalypto;Memento
ElbuenoElfeoyelmalo;Cadenaperpetua;Casablanca;Elsenordelosanillos:Elretornodelrey;Psicosis;StarWars.Elimperiocontraataca;SalvaralsoldadoRyan;Elsenordelosanillos:Lacomunidaddelanillo;Lamillaverde;Apocalypto;Terminator2:Eljuiciofinal;Infiltrados;Laguerradelasgalaxias;Memento;Regresoalfuturo;Elsenordelosanillos:Lasdostorres;Unodelosnuestros;Unamentemaravillosa;Alieneloctavopasajero
ElbuenoElfeoyelmalo;Cadenaperpetua;StarWars.Elimperiocontraataca;Origen;Laguerradelasgalaxias;Interstellar
ElbuenoElfeoyelmalo;Cadenaperpetua;Elsilenciodeloscorderos;Matrix;IndianaJones.Enbuscadelarcaperdida;Casablanca;Elsenordelosanillos:Elretornodelrey;Psicosis;StarWars.Elimperiocontraataca;Naufrago;SalvaralsoldadoRyan;Elsenordelosanillos:Lacomunidaddelanillo;Braveheart;Terminator2:Eljuiciofinal;Laguerradelasgalaxias;Titanic;ApocalypseNow;Regresoalfuturo;Elsenordelosanillos:Lasdostorres;AmericanBeauty;Requiemporunsueno;Elsextosentido;Alieneloctavopasajero;Elresplandor
ElbuenoElfeoyelmalo;Casablanca;Lavidaesbella;CiudaddeDios;Psicosis;AmericanHistoryX;Seven;Apocalypto;Unodelosnuestros;Requiemporunsueno;Intocable;Unamentemaravillosa;Alieneloctavopasajero
ElbuenoElfeoyelmalo;Elpadrino.ParteII;LalistadeSchindler;Cadenaperpetua;Elsilenciodeloscorderos;PulpFiction;IndianaJones.Enbuscadelarcaperdida;ForrestGump;Gladiator;Naufrago;Lamillaverde;Seven;Apocalypto;Infiltrados;Laguerradelasgalaxias;ApocalypseNow;Regresoalfuturo;Elsextosentido;Intocable;Interstellar;Alieneloctavopasajero;Elresplandor
ElbuenoElfeoyelmalo;Titanic;AmericanBeauty;Interstellar;Elresplandor
ElbuenoElfeoyelmalo;StarWars.Elimperiocontraataca;Batman.Elcaballerooscuro
ElbuenoElfeoyelmalo;PulpFiction;Elsenordelosanillos:Elretornodelrey;Psicosis;Origen;Apocalypto;Elclubdelalucha;Losmiserables;Elresplandor;Batman.Elcaballerooscuro
ElbuenoElfeoyelmalo;Matrix;Elsenordelosanillos:Lacomunidaddelanillo
Elpadrino.ParteII;IndianaJones.Enbuscadelarcaperdida;CiudaddeDios;StarWars.Elimperiocontraataca;Infiltrados;ApocalypseNow;Elresplandor;
Elpadrino.ParteII;Psicosis;
Elpadrino.ParteII;
Elpadrino.ParteII;Gladiator;SalvaralsoldadoRyan;
Elpadrino.ParteII;Cadenaperpetua;Elsilenciodeloscorderos;PulpFiction;Psicosis;Naufrago;AmericanHistoryX;Origen;Braveheart;Terminator2:Eljuiciofinal;Elclubdelalucha;Laguerradelasgalaxias;Memento;Regresoalfuturo;Eltrucofinal(Elprestigio);Unodelosnuestros;Requiemporunsueno;Elsextosentido;Interstellar;Alieneloctavopasajero;Elresplandor;Batman.Elcaballerooscuro;
Elpadrino.ParteII;IndianaJones.Enbuscadelarcaperdida;StarWars.Elimperiocontraataca;Elclubdelalucha;
Elpadrino.ParteII;Matrix;PulpFiction;Casablanca;CiudaddeDios;Gladiator;Seven;Terminator2:Eljuiciofinal;Elclubdelalucha;ApocalypseNow;Eltrucofinal(Elprestigio);Elsextosentido;Interstellar;Batman.Elcaballerooscuro;
Elpadrino.ParteII;LalistadeSchindler;Cadenaperpetua;Elsilenciodeloscorderos;PulpFiction;IndianaJones.Enbuscadelarcaperdida;ForrestGump;Gladiator;Naufrago;Lamillaverde;Seven;Apocalypto;Infiltrados;Laguerradelasgalaxias;ApocalypseNow;Regresoalfuturo;Elsextosentido;Intocable;Interstellar;Alieneloctavopasajero;Elresplandor;
Elpadrino.ParteII;
Elpadrino.ParteII;ForrestGump;Apocalypto;Titanic;ApocalypseNow;Elresplandor;
Elpadrino.ParteII;IndianaJones.Enbuscadelarcaperdida;Casablanca;Elsenordelosanillos:Elretornodelrey;Psicosis;StarWars.Elimperiocontraataca;Elsenordelosanillos:Lacomunidaddelanillo;AmericanHistoryX;Terminator2:Eljuiciofinal;Laguerradelasgalaxias;Memento;Regresoalfuturo;Elsenordelosanillos:Lasdostorres;Alieneloctavopasajero;
Elpadrino.ParteII;PulpFiction;Casablanca;
Elpadrino.ParteII;Elsenordelosanillos:Lasdostorres;
Elpadrino.ParteII;Cadenaperpetua;PulpFiction;Casablanca;CiudaddeDios;Psicosis;Gladiator;AmericanHistoryX;Lamillaverde;Terminator2:Eljuiciofinal;Elclubdelalucha;Infiltrados;Memento;ApocalypseNow;Regresoalfuturo;Eltrucofinal(Elprestigio);Batman.Elcaballerooscuro;
LalistadeSchindler;Cadenaperpetua;Elsilenciodeloscorderos;PulpFiction;IndianaJones.Enbuscadelarcaperdida;ForrestGump;Gladiator;Naufrago;Lamillaverde;Seven;Apocalypto;Infiltrados;Laguerradelasgalaxias;ApocalypseNow;Regresoalfuturo;Elsextosentido;Intocable;Interstellar;Alieneloctavopasajero;Elresplandor
LalistadeSchindler;IndianaJones.Enbuscadelarcaperdida;StarWars.Elimperiocontraataca;Naufrago;AmericanHistoryX;Origen;Apocalypto;Terminator2:Eljuiciofinal;Elclubdelalucha;Laguerradelasgalaxias;Memento;ApocalypseNow;Regresoalfuturo;Unodelosnuestros;Interstellar;Alieneloctavopasajero;Elresplandor
Cadenaperpetua;PulpFiction;IndianaJones.Enbuscadelarcaperdida;Psicosis;Elsenordelosanillos:Lacomunidaddelanillo;AmericanHistoryX;Seven;Elpianista;Infiltrados;Losmiserables;Elsenordelosanillos:Lasdostorres;Elreyleon;Requiemporunsueno;Unamentemaravillosa;Interstellar;
Cadenaperpetua;CiudaddeDios;Apocalypto;Memento;
Cadenaperpetua;Casablanca;Elsenordelosanillos:Elretornodelrey;Psicosis;StarWars.Elimperiocontraataca;SalvaralsoldadoRyan;Elsenordelosanillos:Lacomunidaddelanillo;Lamillaverde;Apocalypto;Terminator2:Eljuiciofinal;Infiltrados;Laguerradelasgalaxias;Memento;Regresoalfuturo;Elsenordelosanillos:Lasdostorres;Unodelosnuestros;Unamentemaravillosa;Alieneloctavopasajero;
Cadenaperpetua;StarWars.Elimperiocontraataca;Origen;Laguerradelasgalaxias;Interstellar;
Cadenaperpetua;Elsilenciodeloscorderos;Matrix;IndianaJones.Enbuscadelarcaperdida;Casablanca;Elsenordelosanillos:Elretornodelrey;Psicosis;StarWars.Elimperiocontraataca;Naufrago;SalvaralsoldadoRyan;Elsenordelosanillos:Lacomunidaddelanillo;Braveheart;Terminator2:Eljuiciofinal;Laguerradelasgalaxias;Titanic;ApocalypseNow;Regresoalfuturo;Elsenordelosanillos:Lasdostorres;AmericanBeauty;Requiemporunsueno;Elsextosentido;Alieneloctavopasajero;Elresplandor;
Cadenaperpetua;PulpFiction;Gladiator;Elsenordelosanillos:Lacomunidaddelanillo;Elpianista;Regresoalfuturo;Elsenordelosanillos:Lasdostorres;Elsextosentido;Interstellar;
Cadenaperpetua;Elsilenciodeloscorderos;PulpFiction;Psicosis;Naufrago;AmericanHistoryX;Origen;Braveheart;Terminator2:Eljuiciofinal;Elclubdelalucha;Laguerradelasgalaxias;Memento;Regresoalfuturo;Eltrucofinal(Elprestigio);Unodelosnuestros;Requiemporunsueno;Elsextosentido;Interstellar;Alieneloctavopasajero;Elresplandor;Batman.Elcaballerooscuro;
Cadenaperpetua;Elsilenciodeloscorderos;PulpFiction;IndianaJones.Enbuscadelarcaperdida;ForrestGump;Gladiator;Naufrago;Lamillaverde;Seven;Apocalypto;Infiltrados;Laguerradelasgalaxias;ApocalypseNow;Regresoalfuturo;Elsextosentido;Intocable;Interstellar;Alieneloctavopasajero;Elresplandor;
Cadenaperpetua;Psicosis;Naufrago;Braveheart;Elsextosentido;Interstellar;Alieneloctavopasajero;
Cadenaperpetua;PulpFiction;Casablanca;CiudaddeDios;Psicosis;Gladiator;AmericanHistoryX;Lamillaverde;Terminator2:Eljuiciofinal;Elclubdelalucha;Infiltrados;Memento;ApocalypseNow;Regresoalfuturo;Eltrucofinal(Elprestigio);Batman.Elcaballerooscuro;
Elsilenciodeloscorderos;IndianaJones.Enbuscadelarcaperdida;Terminator2:Eljuiciofinal;Infiltrados;ApocalypseNow;Regresoalfuturo;Elsextosentido;Alieneloctavopasajero
Elsilenciodeloscorderos;Matrix;IndianaJones.Enbuscadelarcaperdida;Casablanca;Elsenordelosanillos:Elretornodelrey;Psicosis;StarWars.Elimperiocontraataca;Naufrago;SalvaralsoldadoRyan;Elsenordelosanillos:Lacomunidaddelanillo;Braveheart;Terminator2:Eljuiciofinal;Laguerradelasgalaxias;Titanic;ApocalypseNow;Regresoalfuturo;Elsenordelosanillos:Lasdostorres;AmericanBeauty;Requiemporunsueno;Elsextosentido;Alieneloctavopasajero;Elresplandor
Elsilenciodeloscorderos;PulpFiction;Psicosis;Naufrago;AmericanHistoryX;Origen;Braveheart;Terminator2:Eljuiciofinal;Elclubdelalucha;Laguerradelasgalaxias;Memento;Regresoalfuturo;Eltrucofinal(Elprestigio);Unodelosnuestros;Requiemporunsueno;Elsextosentido;Interstellar;Alieneloctavopasajero;Elresplandor;Batman.Elcaballerooscuro
Elsilenciodeloscorderos;Matrix;Titanic;Requiemporunsueno
Elsilenciodeloscorderos;PulpFiction;IndianaJones.Enbuscadelarcaperdida;ForrestGump;Gladiator;Naufrago;Lamillaverde;Seven;Apocalypto;Infiltrados;Laguerradelasgalaxias;ApocalypseNow;Regresoalfuturo;Elsextosentido;Intocable;Interstellar;Alieneloctavopasajero;Elresplandor
Elsilenciodeloscorderos;Matrix;Elsenordelosanillos:Elretornodelrey;Naufrago;Elsenordelosanillos:Lacomunidaddelanillo;Seven;Titanic;Elsenordelosanillos:Lasdostorres;Eltrucofinal(Elprestigio)
Matrix;Casablanca;Elsenordelosanillos:Elretornodelrey;Elsenordelosanillos:Lacomunidaddelanillo;Lamillaverde;Apocalypto;Braveheart;Terminator2:Eljuiciofinal;Elclubdelalucha;Laguerradelasgalaxias;Memento;Regresoalfuturo;Elsenordelosanillos:Lasdostorres;Eltrucofinal(Elprestigio);Unodelosnuestros;Intocable;Interstellar;Alieneloctavopasajero;Elresplandor;
Matrix;Elsenordelosanillos:Elretornodelrey;StarWars.Elimperiocontraataca;Braveheart;Elreyleon;
Matrix;Elsenordelosanillos:Elretornodelrey;StarWars.Elimperiocontraataca;Naufrago;Elsenordelosanillos:Lacomunidaddelanillo;Apocalypto;Elclubdelalucha;Laguerradelasgalaxias;Titanic;Elsenordelosanillos:Lasdostorres;Eltrucofinal(Elprestigio);Intocable;Unamentemaravillosa;Interstellar;Alieneloctavopasajero;Elresplandor;
Matrix;
Matrix;IndianaJones.Enbuscadelarcaperdida;Casablanca;Elsenordelosanillos:Elretornodelrey;Psicosis;StarWars.Elimperiocontraataca;Naufrago;SalvaralsoldadoRyan;Elsenordelosanillos:Lacomunidaddelanillo;Braveheart;Terminator2:Eljuiciofinal;Laguerradelasgalaxias;Titanic;ApocalypseNow;Regresoalfuturo;Elsenordelosanillos:Lasdostorres;AmericanBeauty;Requiemporunsueno;Elsextosentido;Alieneloctavopasajero;Elresplandor;
Matrix;Casablanca;Lavidaesbella;StarWars.Elimperiocontraataca;Terminator2:Eljuiciofinal;Laguerradelasgalaxias;ApocalypseNow;Elresplandor;
Matrix;PulpFiction;Casablanca;CiudaddeDios;Gladiator;Seven;Terminator2:Eljuiciofinal;Elclubdelalucha;ApocalypseNow;Eltrucofinal(Elprestigio);Elsextosentido;Interstellar;Batman.Elcaballerooscuro;
Matrix;Elsenordelosanillos:Elretornodelrey;Gladiator;Origen;Regresoalfuturo;Elsenordelosanillos:Lasdostorres;
Matrix;Titanic;Requiemporunsueno;
Matrix;Elsenordelosanillos:Elretornodelrey;Elsenordelosanillos:Lacomunidaddelanillo;Elsenordelosanillos:Lasdostorres;Elsextosentido;
Matrix;Laguerradelasgalaxias;
Matrix;IndianaJones.Enbuscadelarcaperdida;Casablanca;Elsenordelosanillos:Elretornodelrey;StarWars.Elimperiocontraataca;Gladiator;Elsenordelosanillos:Lacomunidaddelanillo;Braveheart;Elsenordelosanillos:Lasdostorres;Alieneloctavopasajero;Batman.Elcaballerooscuro;
Matrix;Gladiator;AmericanBeauty;
Matrix;Elsenordelosanillos:Elretornodelrey;Naufrago;Elsenordelosanillos:Lacomunidaddelanillo;Seven;Titanic;Elsenordelosanillos:Lasdostorres;Eltrucofinal(Elprestigio);
Matrix;Elsenordelosanillos:Lacomunidaddelanillo;
PulpFiction;IndianaJones.Enbuscadelarcaperdida;Psicosis;Elsenordelosanillos:Lacomunidaddelanillo;AmericanHistoryX;Seven;Elpianista;Infiltrados;Losmiserables;Elsenordelosanillos:Lasdostorres;Elreyleon;Requiemporunsueno;Unamentemaravillosa;Interstellar
PulpFiction;Casablanca;Elresplandor
PulpFiction;Gladiator;Elsenordelosanillos:Lacomunidaddelanillo;Elpianista;Regresoalfuturo;Elsenordelosanillos:Lasdostorres;Elsextosentido;Interstellar
PulpFiction;Psicosis;Naufrago;AmericanHistoryX;Origen;Braveheart;Terminator2:Eljuiciofinal;Elclubdelalucha;Laguerradelasgalaxias;Memento;Regresoalfuturo;Eltrucofinal(Elprestigio);Unodelosnuestros;Requiemporunsueno;Elsextosentido;Interstellar;Alieneloctavopasajero;Elresplandor;Batman.Elcaballerooscuro
PulpFiction;Casablanca;CiudaddeDios;Gladiator;Seven;Terminator2:Eljuiciofinal;Elclubdelalucha;ApocalypseNow;Eltrucofinal(Elprestigio);Elsextosentido;Interstellar;Batman.Elcaballerooscuro
PulpFiction;IndianaJones.Enbuscadelarcaperdida;Elsenordelosanillos:Elretornodelrey;StarWars.Elimperiocontraataca;Elsenordelosanillos:Lacomunidaddelanillo;Terminator2:Eljuiciofinal;Laguerradelasgalaxias;Regresoalfuturo;Elsenordelosanillos:Lasdostorres
PulpFiction;IndianaJones.Enbuscadelarcaperdida;ForrestGump;Gladiator;Naufrago;Lamillaverde;Seven;Apocalypto;Infiltrados;Laguerradelasgalaxias;ApocalypseNow;Regresoalfuturo;Elsextosentido;Intocable;Interstellar;Alieneloctavopasajero;Elresplandor
PulpFiction;Elclubdelalucha
PulpFiction;Casablanca
PulpFiction;Elsenordelosanillos:Elretornodelrey;Psicosis;Origen;Apocalypto;Elclubdelalucha;Losmiserables;Elresplandor;Batman.Elcaballerooscuro
PulpFiction;Casablanca;CiudaddeDios;Psicosis;Gladiator;AmericanHistoryX;Lamillaverde;Terminator2:Eljuiciofinal;Elclubdelalucha;Infiltrados;Memento;ApocalypseNow;Regresoalfuturo;Eltrucofinal(Elprestigio);Batman.Elcaballerooscuro
IndianaJones.Enbuscadelarcaperdida;CiudaddeDios;StarWars.Elimperiocontraataca;Infiltrados;ApocalypseNow;Elresplandor;
IndianaJones.Enbuscadelarcaperdida;Elsenordelosanillos:Elretornodelrey;Seven;Braveheart;Laguerradelasgalaxias;Losmiserables;Titanic;ApocalypseNow;AmericanBeauty;Elreyleon;Elresplandor;Batman.Elcaballerooscuro;
IndianaJones.Enbuscadelarcaperdida;
IndianaJones.Enbuscadelarcaperdida;Psicosis;Elsenordelosanillos:Lacomunidaddelanillo;AmericanHistoryX;Seven;Elpianista;Infiltrados;Losmiserables;Elsenordelosanillos:Lasdostorres;Elreyleon;Requiemporunsueno;Unamentemaravillosa;Interstellar;
IndianaJones.Enbuscadelarcaperdida;Terminator2:Eljuiciofinal;Infiltrados;ApocalypseNow;Regresoalfuturo;Elsextosentido;Alieneloctavopasajero;
IndianaJones.Enbuscadelarcaperdida;Casablanca;Elsenordelosanillos:Elretornodelrey;Psicosis;StarWars.Elimperiocontraataca;Naufrago;SalvaralsoldadoRyan;Elsenordelosanillos:Lacomunidaddelanillo;Braveheart;Terminator2:Eljuiciofinal;Laguerradelasgalaxias;Titanic;ApocalypseNow;Regresoalfuturo;Elsenordelosanillos:Lasdostorres;AmericanBeauty;Requiemporunsueno;Elsextosentido;Alieneloctavopasajero;Elresplandor;
IndianaJones.Enbuscadelarcaperdida;StarWars.Elimperiocontraataca;Elclubdelalucha;
IndianaJones.Enbuscadelarcaperdida;Casablanca;Gladiator;Laguerradelasgalaxias;ApocalypseNow;
IndianaJones.Enbuscadelarcaperdida;Elsenordelosanillos:Elretornodelrey;StarWars.Elimperiocontraataca;Elsenordelosanillos:Lacomunidaddelanillo;Terminator2:Eljuiciofinal;Laguerradelasgalaxias;Regresoalfuturo;Elsenordelosanillos:Lasdostorres;
IndianaJones.Enbuscadelarcaperdida;Gladiator;Losmiserables;Regresoalfuturo;
IndianaJones.Enbuscadelarcaperdida;Apocalypto;Terminator2:Eljuiciofinal;Requiemporunsueno;
IndianaJones.Enbuscadelarcaperdida;ForrestGump;Gladiator;Naufrago;Lamillaverde;Seven;Apocalypto;Infiltrados;Laguerradelasgalaxias;ApocalypseNow;Regresoalfuturo;Elsextosentido;Intocable;Interstellar;Alieneloctavopasajero;Elresplandor;
IndianaJones.Enbuscadelarcaperdida;Psicosis;Gladiator;Lamillaverde;Seven;Braveheart;Terminator2:Eljuiciofinal;Memento;ApocalypseNow;Requiemporunsueno;Elsextosentido;Alieneloctavopasajero;Elresplandor;
IndianaJones.Enbuscadelarcaperdida;Casablanca;Apocalypto;Regresoalfuturo;Alieneloctavopasajero;Elresplandor;
IndianaJones.Enbuscadelarcaperdida;Casablanca;Elsenordelosanillos:Elretornodelrey;Psicosis;StarWars.Elimperiocontraataca;Elsenordelosanillos:Lacomunidaddelanillo;AmericanHistoryX;Terminator2:Eljuiciofinal;Laguerradelasgalaxias;Memento;Regresoalfuturo;Elsenordelosanillos:Lasdostorres;Alieneloctavopasajero;
IndianaJones.Enbuscadelarcaperdida;Elsenordelosanillos:Elretornodelrey;StarWars.Elimperiocontraataca;Naufrago;Lamillaverde;Braveheart;Terminator2:Eljuiciofinal;Elpianista;AmericanBeauty;
IndianaJones.Enbuscadelarcaperdida;Casablanca;Elsenordelosanillos:Elretornodelrey;StarWars.Elimperiocontraataca;Gladiator;Elsenordelosanillos:Lacomunidaddelanillo;Braveheart;Elsenordelosanillos:Lasdostorres;Alieneloctavopasajero;Batman.Elcaballerooscuro;
IndianaJones.Enbuscadelarcaperdida;StarWars.Elimperiocontraataca;Naufrago;AmericanHistoryX;Origen;Apocalypto;Terminator2:Eljuiciofinal;Elclubdelalucha;Laguerradelasgalaxias;Memento;ApocalypseNow;Regresoalfuturo;Unodelosnuestros;Interstellar;Alieneloctavopasajero;Elresplandor;
IndianaJones.Enbuscadelarcaperdida;StarWars.Elimperiocontraataca;Origen;Braveheart;Titanic;Regresoalfuturo;
Casablanca;Elsenordelosanillos:Elretornodelrey;Elsenordelosanillos:Lacomunidaddelanillo;Lamillaverde;Apocalypto;Braveheart;Terminator2:Eljuiciofinal;Elclubdelalucha;Laguerradelasgalaxias;Memento;Regresoalfuturo;Elsenordelosanillos:Lasdostorres;Eltrucofinal(Elprestigio);Unodelosnuestros;Intocable;Interstellar;Alieneloctavopasajero;Elresplandor
Casablanca;Elsenordelosanillos:Elretornodelrey;Psicosis;StarWars.Elimperiocontraataca;SalvaralsoldadoRyan;Elsenordelosanillos:Lacomunidaddelanillo;Lamillaverde;Apocalypto;Terminator2:Eljuiciofinal;Infiltrados;Laguerradelasgalaxias;Memento;Regresoalfuturo;Elsenordelosanillos:Lasdostorres;Unodelosnuestros;Unamentemaravillosa;Alieneloctavopasajero
Casablanca;Elresplandor
Casablanca;Elsenordelosanillos:Elretornodelrey;Psicosis;StarWars.Elimperiocontraataca;Naufrago;SalvaralsoldadoRyan;Elsenordelosanillos:Lacomunidaddelanillo;Braveheart;Terminator2:Eljuiciofinal;Laguerradelasgalaxias;Titanic;ApocalypseNow;Regresoalfuturo;Elsenordelosanillos:Lasdostorres;AmericanBeauty;Requiemporunsueno;Elsextosentido;Alieneloctavopasajero;Elresplandor
Casablanca;Lavidaesbella;StarWars.Elimperiocontraataca;Terminator2:Eljuiciofinal;Laguerradelasgalaxias;ApocalypseNow;Elresplandor
Casablanca;Lavidaesbella;CiudaddeDios;Psicosis;AmericanHistoryX;Seven;Apocalypto;Unodelosnuestros;Requiemporunsueno;Intocable;Unamentemaravillosa;Alieneloctavopasajero
Casablanca;Gladiator;Laguerradelasgalaxias;ApocalypseNow
Casablanca;CiudaddeDios;Gladiator;Seven;Terminator2:Eljuiciofinal;Elclubdelalucha;ApocalypseNow;Eltrucofinal(Elprestigio);Elsextosentido;Interstellar;Batman.Elcaballerooscuro
Casablanca
Casablanca;Apocalypto;Regresoalfuturo;Alieneloctavopasajero;Elresplandor
Casablanca;Elsenordelosanillos:Elretornodelrey;Psicosis;StarWars.Elimperiocontraataca;Elsenordelosanillos:Lacomunidaddelanillo;AmericanHistoryX;Terminator2:Eljuiciofinal;Laguerradelasgalaxias;Memento;Regresoalfuturo;Elsenordelosanillos:Lasdostorres;Alieneloctavopasajero
Casablanca
Casablanca;Elsenordelosanillos:Elretornodelrey;StarWars.Elimperiocontraataca;Gladiator;Elsenordelosanillos:Lacomunidaddelanillo;Braveheart;Elsenordelosanillos:Lasdostorres;Alieneloctavopasajero;Batman.Elcaballerooscuro
Casablanca;CiudaddeDios;Psicosis;Gladiator;AmericanHistoryX;Lamillaverde;Terminator2:Eljuiciofinal;Elclubdelalucha;Infiltrados;Memento;ApocalypseNow;Regresoalfuturo;Eltrucofinal(Elprestigio);Batman.Elcaballerooscuro
Lavidaesbella;
Lavidaesbella;StarWars.Elimperiocontraataca;Terminator2:Eljuiciofinal;Laguerradelasgalaxias;ApocalypseNow;Elresplandor;
Lavidaesbella;CiudaddeDios;Psicosis;AmericanHistoryX;Seven;Apocalypto;Unodelosnuestros;Requiemporunsueno;Intocable;Unamentemaravillosa;Alieneloctavopasajero;
Lavidaesbella;Terminator2:Eljuiciofinal;Laguerradelasgalaxias;Batman.Elcaballerooscuro;
Lavidaesbella;Terminator2:Eljuiciofinal;Laguerradelasgalaxias;Batman.Elcaballerooscuro;
ForrestGump;Gladiator;Naufrago;Lamillaverde;Seven;Apocalypto;Infiltrados;Laguerradelasgalaxias;ApocalypseNow;Regresoalfuturo;Elsextosentido;Intocable;Interstellar;Alieneloctavopasajero;Elresplandor
ForrestGump;Apocalypto;Titanic;ApocalypseNow;Elresplandor
ForrestGump;Origen;Elsextosentido
ForrestGump;AmericanHistoryX;Origen;Elsenordelosanillos:Lasdostorres
ForrestGump;Elsenordelosanillos:Elretornodelrey;StarWars.Elimperiocontraataca;Naufrago;Elsenordelosanillos:Lacomunidaddelanillo;Terminator2:Eljuiciofinal;Elclubdelalucha;Laguerradelasgalaxias;Titanic;Elsenordelosanillos:Lasdostorres;AmericanBeauty
CiudaddeDios;StarWars.Elimperiocontraataca;Infiltrados;ApocalypseNow;Elresplandor;
CiudaddeDios;Apocalypto;Memento;
CiudaddeDios;Psicosis;AmericanHistoryX;Seven;Apocalypto;Unodelosnuestros;Requiemporunsueno;Intocable;Unamentemaravillosa;Alieneloctavopasajero;
CiudaddeDios;Gladiator;Seven;Terminator2:Eljuiciofinal;Elclubdelalucha;ApocalypseNow;Eltrucofinal(Elprestigio);Elsextosentido;Interstellar;Batman.Elcaballerooscuro;
CiudaddeDios;Memento;Batman.Elcaballerooscuro;
CiudaddeDios;Origen;Elclubdelalucha;Losmiserables;Titanic;Memento;Elsextosentido;Batman.Elcaballerooscuro;
CiudaddeDios;Psicosis;Gladiator;AmericanHistoryX;Lamillaverde;Terminator2:Eljuiciofinal;Elclubdelalucha;Infiltrados;Memento;ApocalypseNow;Regresoalfuturo;Eltrucofinal(Elprestigio);Batman.Elcaballerooscuro;
Elsenordelosanillos:Elretornodelrey;Elsenordelosanillos:Lacomunidaddelanillo;Lamillaverde;Apocalypto;Braveheart;Terminator2:Eljuiciofinal;Elclubdelalucha;Laguerradelasgalaxias;Memento;Regresoalfuturo;Elsenordelosanillos:Lasdostorres;Eltrucofinal(Elprestigio);Unodelosnuestros;Intocable;Interstellar;Alieneloctavopasajero;Elresplandor
Elsenordelosanillos:Elretornodelrey;Elsenordelosanillos:Lacomunidaddelanillo
Elsenordelosanillos:Elretornodelrey;Seven;Braveheart;Laguerradelasgalaxias;Losmiserables;Titanic;ApocalypseNow;AmericanBeauty;Elreyleon;Elresplandor;Batman.Elcaballerooscuro
Elsenordelosanillos:Elretornodelrey;StarWars.Elimperiocontraataca;Braveheart;Elreyleon
Elsenordelosanillos:Elretornodelrey;StarWars.Elimperiocontraataca;Naufrago;Elsenordelosanillos:Lacomunidaddelanillo;Apocalypto;Elclubdelalucha;Laguerradelasgalaxias;Titanic;Elsenordelosanillos:Lasdostorres;Eltrucofinal(Elprestigio);Intocable;Unamentemaravillosa;Interstellar;Alieneloctavopasajero;Elresplandor
Elsenordelosanillos:Elretornodelrey;Elsenordelosanillos:Lacomunidaddelanillo;Laguerradelasgalaxias;Losmiserables;Regresoalfuturo;Elsenordelosanillos:Lasdostorres
Elsenordelosanillos:Elretornodelrey;Psicosis;StarWars.Elimperiocontraataca;SalvaralsoldadoRyan;Elsenordelosanillos:Lacomunidaddelanillo;Lamillaverde;Apocalypto;Terminator2:Eljuiciofinal;Infiltrados;Laguerradelasgalaxias;Memento;Regresoalfuturo;Elsenordelosanillos:Lasdostorres;Unodelosnuestros;Unamentemaravillosa;Alieneloctavopasajero
Elsenordelosanillos:Elretornodelrey;Psicosis;StarWars.Elimperiocontraataca;Naufrago;SalvaralsoldadoRyan;Elsenordelosanillos:Lacomunidaddelanillo;Braveheart;Terminator2:Eljuiciofinal;Laguerradelasgalaxias;Titanic;ApocalypseNow;Regresoalfuturo;Elsenordelosanillos:Lasdostorres;AmericanBeauty;Requiemporunsueno;Elsextosentido;Alieneloctavopasajero;Elresplandor
Elsenordelosanillos:Elretornodelrey;StarWars.Elimperiocontraataca;Elsenordelosanillos:Lacomunidaddelanillo;Terminator2:Eljuiciofinal;Laguerradelasgalaxias;Regresoalfuturo;Elsenordelosanillos:Lasdostorres
Elsenordelosanillos:Elretornodelrey;Elsenordelosanillos:Lacomunidaddelanillo;Elsenordelosanillos:Lasdostorres;Intocable
Elsenordelosanillos:Elretornodelrey;Gladiator;Origen;Regresoalfuturo;Elsenordelosanillos:Lasdostorres
Elsenordelosanillos:Elretornodelrey;Elsenordelosanillos:Lacomunidaddelanillo;Elsenordelosanillos:Lasdostorres;Elsextosentido
Elsenordelosanillos:Elretornodelrey;Psicosis;StarWars.Elimperiocontraataca;Elsenordelosanillos:Lacomunidaddelanillo;AmericanHistoryX;Terminator2:Eljuiciofinal;Laguerradelasgalaxias;Memento;Regresoalfuturo;Elsenordelosanillos:Lasdostorres;Alieneloctavopasajero
Elsenordelosanillos:Elretornodelrey;StarWars.Elimperiocontraataca;Elsenordelosanillos:Lacomunidaddelanillo;Laguerradelasgalaxias;ApocalypseNow;Regresoalfuturo;Elsenordelosanillos:Lasdostorres;AmericanBeauty;Alieneloctavopasajero
Elsenordelosanillos:Elretornodelrey;StarWars.Elimperiocontraataca;Naufrago;Lamillaverde;Braveheart;Terminator2:Eljuiciofinal;Elpianista;AmericanBeauty
Elsenordelosanillos:Elretornodelrey;StarWars.Elimperiocontraataca;Gladiator;Elsenordelosanillos:Lacomunidaddelanillo;Braveheart;Elsenordelosanillos:Lasdostorres;Alieneloctavopasajero;Batman.Elcaballerooscuro
Elsenordelosanillos:Elretornodelrey;Naufrago;Elsenordelosanillos:Lacomunidaddelanillo;Seven;Titanic;Elsenordelosanillos:Lasdostorres;Eltrucofinal(Elprestigio)
Elsenordelosanillos:Elretornodelrey;Psicosis;Origen;Apocalypto;Elclubdelalucha;Losmiserables;Elresplandor;Batman.Elcaballerooscuro
Elsenordelosanillos:Elretornodelrey;StarWars.Elimperiocontraataca;Naufrago;Elsenordelosanillos:Lacomunidaddelanillo;Terminator2:Eljuiciofinal;Elclubdelalucha;Laguerradelasgalaxias;Titanic;Elsenordelosanillos:Lasdostorres;AmericanBeauty
Psicosis;
Psicosis;Elsenordelosanillos:Lacomunidaddelanillo;AmericanHistoryX;Seven;Elpianista;Infiltrados;Losmiserables;Elsenordelosanillos:Lasdostorres;Elreyleon;Requiemporunsueno;Unamentemaravillosa;Interstellar;
Psicosis;StarWars.Elimperiocontraataca;SalvaralsoldadoRyan;Elsenordelosanillos:Lacomunidaddelanillo;Lamillaverde;Apocalypto;Terminator2:Eljuiciofinal;Infiltrados;Laguerradelasgalaxias;Memento;Regresoalfuturo;Elsenordelosanillos:Lasdostorres;Unodelosnuestros;Unamentemaravillosa;Alieneloctavopasajero;
Psicosis;
Psicosis;StarWars.Elimperiocontraataca;Naufrago;SalvaralsoldadoRyan;Elsenordelosanillos:Lacomunidaddelanillo;Braveheart;Terminator2:Eljuiciofinal;Laguerradelasgalaxias;Titanic;ApocalypseNow;Regresoalfuturo;Elsenordelosanillos:Lasdostorres;AmericanBeauty;Requiemporunsueno;Elsextosentido;Alieneloctavopasajero;Elresplandor;
Psicosis;Naufrago;AmericanHistoryX;Origen;Braveheart;Terminator2:Eljuiciofinal;Elclubdelalucha;Laguerradelasgalaxias;Memento;Regresoalfuturo;Eltrucofinal(Elprestigio);Unodelosnuestros;Requiemporunsueno;Elsextosentido;Interstellar;Alieneloctavopasajero;Elresplandor;Batman.Elcaballerooscuro;
Psicosis;AmericanHistoryX;Seven;Apocalypto;Unodelosnuestros;Requiemporunsueno;Intocable;Unamentemaravillosa;Alieneloctavopasajero;
Psicosis;Gladiator;Lamillaverde;Seven;Braveheart;Terminator2:Eljuiciofinal;Memento;ApocalypseNow;Requiemporunsueno;Elsextosentido;Alieneloctavopasajero;Elresplandor;
Psicosis;
Psicosis;StarWars.Elimperiocontraataca;Elsenordelosanillos:Lacomunidaddelanillo;AmericanHistoryX;Terminator2:Eljuiciofinal;Laguerradelasgalaxias;Memento;Regresoalfuturo;Elsenordelosanillos:Lasdostorres;Alieneloctavopasajero;
Psicosis;Naufrago;Braveheart;Elsextosentido;Interstellar;Alieneloctavopasajero;
Psicosis;Origen;Apocalypto;Elclubdelalucha;Losmiserables;Elresplandor;Batman.Elcaballerooscuro;
Psicosis;Gladiator;AmericanHistoryX;Lamillaverde;Terminator2:Eljuiciofinal;Elclubdelalucha;Infiltrados;Memento;ApocalypseNow;Regresoalfuturo;Eltrucofinal(Elprestigio);Batman.Elcaballerooscuro;
StarWars.Elimperiocontraataca;Infiltrados;ApocalypseNow;Elresplandor
StarWars.Elimperiocontraataca;Braveheart;Elreyleon
StarWars.Elimperiocontraataca;Naufrago;Elsenordelosanillos:Lacomunidaddelanillo;Apocalypto;Elclubdelalucha;Laguerradelasgalaxias;Titanic;Elsenordelosanillos:Lasdostorres;Eltrucofinal(Elprestigio);Intocable;Unamentemaravillosa;Interstellar;Alieneloctavopasajero;Elresplandor
StarWars.Elimperiocontraataca;Laguerradelasgalaxias
StarWars.Elimperiocontraataca;SalvaralsoldadoRyan;Elsenordelosanillos:Lacomunidaddelanillo;Lamillaverde;Apocalypto;Terminator2:Eljuiciofinal;Infiltrados;Laguerradelasgalaxias;Memento;Regresoalfuturo;Elsenordelosanillos:Lasdostorres;Unodelosnuestros;Unamentemaravillosa;Alieneloctavopasajero
StarWars.Elimperiocontraataca;Origen;Laguerradelasgalaxias;Interstellar
StarWars.Elimperiocontraataca;Naufrago;SalvaralsoldadoRyan;Elsenordelosanillos:Lacomunidaddelanillo;Braveheart;Terminator2:Eljuiciofinal;Laguerradelasgalaxias;Titanic;ApocalypseNow;Regresoalfuturo;Elsenordelosanillos:Lasdostorres;AmericanBeauty;Requiemporunsueno;Elsextosentido;Alieneloctavopasajero;Elresplandor
StarWars.Elimperiocontraataca;Terminator2:Eljuiciofinal;Laguerradelasgalaxias;ApocalypseNow;Elresplandor
StarWars.Elimperiocontraataca;Elclubdelalucha
StarWars.Elimperiocontraataca;Elsenordelosanillos:Lacomunidaddelanillo;Terminator2:Eljuiciofinal;Laguerradelasgalaxias;Regresoalfuturo;Elsenordelosanillos:Lasdostorres
StarWars.Elimperiocontraataca;Elsenordelosanillos:Lacomunidaddelanillo;AmericanHistoryX;Terminator2:Eljuiciofinal;Laguerradelasgalaxias;Memento;Regresoalfuturo;Elsenordelosanillos:Lasdostorres;Alieneloctavopasajero
StarWars.Elimperiocontraataca;Elsenordelosanillos:Lacomunidaddelanillo;Laguerradelasgalaxias;ApocalypseNow;Regresoalfuturo;Elsenordelosanillos:Lasdostorres;AmericanBeauty;Alieneloctavopasajero
StarWars.Elimperiocontraataca;Naufrago;Lamillaverde;Braveheart;Terminator2:Eljuiciofinal;Elpianista;AmericanBeauty
StarWars.Elimperiocontraataca;Batman.Elcaballerooscuro
StarWars.Elimperiocontraataca;Gladiator;Elsenordelosanillos:Lacomunidaddelanillo;Braveheart;Elsenordelosanillos:Lasdostorres;Alieneloctavopasajero;Batman.Elcaballerooscuro
StarWars.Elimperiocontraataca;Naufrago;AmericanHistoryX;Origen;Apocalypto;Terminator2:Eljuiciofinal;Elclubdelalucha;Laguerradelasgalaxias;Memento;ApocalypseNow;Regresoalfuturo;Unodelosnuestros;Interstellar;Alieneloctavopasajero;Elresplandor
StarWars.Elimperiocontraataca;Origen;Braveheart;Titanic;Regresoalfuturo
StarWars.Elimperiocontraataca;Naufrago;Elsenordelosanillos:Lacomunidaddelanillo;Terminator2:Eljuiciofinal;Elclubdelalucha;Laguerradelasgalaxias;Titanic;Elsenordelosanillos:Lasdostorres;AmericanBeauty
Gladiator;SalvaralsoldadoRyan;
Gladiator;Terminator2:Eljuiciofinal;Elclubdelalucha;
Gladiator;
Gladiator;Elsenordelosanillos:Lacomunidaddelanillo;Elpianista;Regresoalfuturo;Elsenordelosanillos:Lasdostorres;Elsextosentido;Interstellar;
Gladiator;Laguerradelasgalaxias;ApocalypseNow;
Gladiator;Seven;Terminator2:Eljuiciofinal;Elclubdelalucha;ApocalypseNow;Eltrucofinal(Elprestigio);Elsextosentido;Interstellar;Batman.Elcaballerooscuro;
Gladiator;Losmiserables;Regresoalfuturo;
Gladiator;Origen;Regresoalfuturo;Elsenordelosanillos:Lasdostorres;
Gladiator;Naufrago;Lamillaverde;Seven;Apocalypto;Infiltrados;Laguerradelasgalaxias;ApocalypseNow;Regresoalfuturo;Elsextosentido;Intocable;Interstellar;Alieneloctavopasajero;Elresplandor;
Gladiator;Lamillaverde;Seven;Braveheart;Terminator2:Eljuiciofinal;Memento;ApocalypseNow;Requiemporunsueno;Elsextosentido;Alieneloctavopasajero;Elresplandor;
Gladiator;Elsenordelosanillos:Lacomunidaddelanillo;Braveheart;Elsenordelosanillos:Lasdostorres;Alieneloctavopasajero;Batman.Elcaballerooscuro;
Gladiator;AmericanBeauty;
Gladiator;AmericanHistoryX;Lamillaverde;Terminator2:Eljuiciofinal;Elclubdelalucha;Infiltrados;Memento;ApocalypseNow;Regresoalfuturo;Eltrucofinal(Elprestigio);Batman.Elcaballerooscuro;
Naufrago;Elsenordelosanillos:Lacomunidaddelanillo;Apocalypto;Elclubdelalucha;Laguerradelasgalaxias;Titanic;Elsenordelosanillos:Lasdostorres;Eltrucofinal(Elprestigio);Intocable;Unamentemaravillosa;Interstellar;Alieneloctavopasajero;Elresplandor
Naufrago;SalvaralsoldadoRyan;Elsenordelosanillos:Lacomunidaddelanillo;Braveheart;Terminator2:Eljuiciofinal;Laguerradelasgalaxias;Titanic;ApocalypseNow;Regresoalfuturo;Elsenordelosanillos:Lasdostorres;AmericanBeauty;Requiemporunsueno;Elsextosentido;Alieneloctavopasajero;Elresplandor
Naufrago;AmericanHistoryX;Origen;Braveheart;Terminator2:Eljuiciofinal;Elclubdelalucha;Laguerradelasgalaxias;Memento;Regresoalfuturo;Eltrucofinal(Elprestigio);Unodelosnuestros;Requiemporunsueno;Elsextosentido;Interstellar;Alieneloctavopasajero;Elresplandor;Batman.Elcaballerooscuro
Naufrago;Lamillaverde;Seven;Apocalypto;Infiltrados;Laguerradelasgalaxias;ApocalypseNow;Regresoalfuturo;Elsextosentido;Intocable;Interstellar;Alieneloctavopasajero;Elresplandor
Naufrago;Requiemporunsueno
Naufrago;Lamillaverde;Braveheart;Terminator2:Eljuiciofinal;Elpianista;AmericanBeauty
Naufrago;Braveheart;Elsextosentido;Interstellar;Alieneloctavopasajero
Naufrago;AmericanHistoryX;Origen;Apocalypto;Terminator2:Eljuiciofinal;Elclubdelalucha;Laguerradelasgalaxias;Memento;ApocalypseNow;Regresoalfuturo;Unodelosnuestros;Interstellar;Alieneloctavopasajero;Elresplandor
Naufrago;Elsenordelosanillos:Lacomunidaddelanillo;Seven;Titanic;Elsenordelosanillos:Lasdostorres;Eltrucofinal(Elprestigio)
Naufrago;Elsenordelosanillos:Lacomunidaddelanillo;Terminator2:Eljuiciofinal;Elclubdelalucha;Laguerradelasgalaxias;Titanic;Elsenordelosanillos:Lasdostorres;AmericanBeauty
Naufrago;Braveheart;Titanic
SalvaralsoldadoRyan;
SalvaralsoldadoRyan;Elsenordelosanillos:Lacomunidaddelanillo;Lamillaverde;Apocalypto;Terminator2:Eljuiciofinal;Infiltrados;Laguerradelasgalaxias;Memento;Regresoalfuturo;Elsenordelosanillos:Lasdostorres;Unodelosnuestros;Unamentemaravillosa;Alieneloctavopasajero;
SalvaralsoldadoRyan;Elsenordelosanillos:Lacomunidaddelanillo;Braveheart;Terminator2:Eljuiciofinal;Laguerradelasgalaxias;Titanic;ApocalypseNow;Regresoalfuturo;Elsenordelosanillos:Lasdostorres;AmericanBeauty;Requiemporunsueno;Elsextosentido;Alieneloctavopasajero;Elresplandor;
Elsenordelosanillos:Lacomunidaddelanillo;Lamillaverde;Apocalypto;Braveheart;Terminator2:Eljuiciofinal;Elclubdelalucha;Laguerradelasgalaxias;Memento;Regresoalfuturo;Elsenordelosanillos:Lasdostorres;Eltrucofinal(Elprestigio);Unodelosnuestros;Intocable;Interstellar;Alieneloctavopasajero;Elresplandor
Elsenordelosanillos:Lacomunidaddelanillo
Elsenordelosanillos:Lacomunidaddelanillo;Apocalypto;Elclubdelalucha;Laguerradelasgalaxias;Titanic;Elsenordelosanillos:Lasdostorres;Eltrucofinal(Elprestigio);Intocable;Unamentemaravillosa;Interstellar;Alieneloctavopasajero;Elresplandor
Elsenordelosanillos:Lacomunidaddelanillo;Laguerradelasgalaxias;Losmiserables;Regresoalfuturo;Elsenordelosanillos:Lasdostorres
Elsenordelosanillos:Lacomunidaddelanillo;AmericanHistoryX;Seven;Elpianista;Infiltrados;Losmiserables;Elsenordelosanillos:Lasdostorres;Elreyleon;Requiemporunsueno;Unamentemaravillosa;Interstellar
Elsenordelosanillos:Lacomunidaddelanillo;Lamillaverde;Apocalypto;Terminator2:Eljuiciofinal;Infiltrados;Laguerradelasgalaxias;Memento;Regresoalfuturo;Elsenordelosanillos:Lasdostorres;Unodelosnuestros;Unamentemaravillosa;Alieneloctavopasajero
Elsenordelosanillos:Lacomunidaddelanillo;Braveheart;Terminator2:Eljuiciofinal;Laguerradelasgalaxias;Titanic;ApocalypseNow;Regresoalfuturo;Elsenordelosanillos:Lasdostorres;AmericanBeauty;Requiemporunsueno;Elsextosentido;Alieneloctavopasajero;Elresplandor
Elsenordelosanillos:Lacomunidaddelanillo;Elpianista;Regresoalfuturo;Elsenordelosanillos:Lasdostorres;Elsextosentido;Interstellar
Elsenordelosanillos:Lacomunidaddelanillo;Terminator2:Eljuiciofinal;Laguerradelasgalaxias;Regresoalfuturo;Elsenordelosanillos:Lasdostorres
Elsenordelosanillos:Lacomunidaddelanillo;Elsenordelosanillos:Lasdostorres;Intocable
Elsenordelosanillos:Lacomunidaddelanillo;Elsenordelosanillos:Lasdostorres;Elsextosentido
Elsenordelosanillos:Lacomunidaddelanillo
Elsenordelosanillos:Lacomunidaddelanillo;AmericanHistoryX;Terminator2:Eljuiciofinal;Laguerradelasgalaxias;Memento;Regresoalfuturo;Elsenordelosanillos:Lasdostorres;Alieneloctavopasajero
Elsenordelosanillos:Lacomunidaddelanillo;Laguerradelasgalaxias;ApocalypseNow;Regresoalfuturo;Elsenordelosanillos:Lasdostorres;AmericanBeauty;Alieneloctavopasajero
Elsenordelosanillos:Lacomunidaddelanillo;Braveheart;Elsenordelosanillos:Lasdostorres;Alieneloctavopasajero;Batman.Elcaballerooscuro
Elsenordelosanillos:Lacomunidaddelanillo;Seven;Titanic;Elsenordelosanillos:Lasdostorres;Eltrucofinal(Elprestigio)
Elsenordelosanillos:Lacomunidaddelanillo;Terminator2:Eljuiciofinal;Elclubdelalucha;Laguerradelasgalaxias;Titanic;Elsenordelosanillos:Lasdostorres;AmericanBeauty
Elsenordelosanillos:Lacomunidaddelanillo
AmericanHistoryX;Regresoalfuturo;
AmericanHistoryX;
AmericanHistoryX;Laguerradelasgalaxias;Batman.Elcaballerooscuro;
AmericanHistoryX;Seven;Elpianista;Infiltrados;Losmiserables;Elsenordelosanillos:Lasdostorres;Elreyleon;Requiemporunsueno;Unamentemaravillosa;Interstellar;
AmericanHistoryX;Origen;Braveheart;Terminator2:Eljuiciofinal;Elclubdelalucha;Laguerradelasgalaxias;Memento;Regresoalfuturo;Eltrucofinal(Elprestigio);Unodelosnuestros;Requiemporunsueno;Elsextosentido;Interstellar;Alieneloctavopasajero;Elresplandor;Batman.Elcaballerooscuro;
AmericanHistoryX;Seven;Apocalypto;Unodelosnuestros;Requiemporunsueno;Intocable;Unamentemaravillosa;Alieneloctavopasajero;
AmericanHistoryX;Terminator2:Eljuiciofinal;Laguerradelasgalaxias;Memento;Regresoalfuturo;Elsenordelosanillos:Lasdostorres;Alieneloctavopasajero;
AmericanHistoryX;Origen;Apocalypto;Terminator2:Eljuiciofinal;Elclubdelalucha;Laguerradelasgalaxias;Memento;ApocalypseNow;Regresoalfuturo;Unodelosnuestros;Interstellar;Alieneloctavopasajero;Elresplandor;
AmericanHistoryX;Origen;Elsenordelosanillos:Lasdostorres;
AmericanHistoryX;Lamillaverde;Terminator2:Eljuiciofinal;Elclubdelalucha;Infiltrados;Memento;ApocalypseNow;Regresoalfuturo;Eltrucofinal(Elprestigio);Batman.Elcaballerooscuro;
Lamillaverde;Apocalypto;Braveheart;Terminator2:Eljuiciofinal;Elclubdelalucha;Laguerradelasgalaxias;Memento;Regresoalfuturo;Elsenordelosanillos:Lasdostorres;Eltrucofinal(Elprestigio);Unodelosnuestros;Intocable;Interstellar;Alieneloctavopasajero;Elresplandor
Lamillaverde;Apocalypto;Terminator2:Eljuiciofinal;Infiltrados;Laguerradelasgalaxias;Memento;Regresoalfuturo;Elsenordelosanillos:Lasdostorres;Unodelosnuestros;Unamentemaravillosa;Alieneloctavopasajero
Lamillaverde;Seven;Apocalypto;Infiltrados;Laguerradelasgalaxias;ApocalypseNow;Regresoalfuturo;Elsextosentido;Intocable;Interstellar;Alieneloctavopasajero;Elresplandor
Lamillaverde;Seven;Braveheart;Terminator2:Eljuiciofinal;Memento;ApocalypseNow;Requiemporunsueno;Elsextosentido;Alieneloctavopasajero;Elresplandor
Lamillaverde;Braveheart;Terminator2:Eljuiciofinal;Elpianista;AmericanBeauty
Lamillaverde;Terminator2:Eljuiciofinal;Elclubdelalucha;Infiltrados;Memento;ApocalypseNow;Regresoalfuturo;Eltrucofinal(Elprestigio);Batman.Elcaballerooscuro
Origen;Laguerradelasgalaxias;Interstellar;
Origen;Braveheart;Terminator2:Eljuiciofinal;Elclubdelalucha;Laguerradelasgalaxias;Memento;Regresoalfuturo;Eltrucofinal(Elprestigio);Unodelosnuestros;Requiemporunsueno;Elsextosentido;Interstellar;Alieneloctavopasajero;Elresplandor;Batman.Elcaballerooscuro;
Origen;Regresoalfuturo;Elsenordelosanillos:Lasdostorres;
Origen;
Origen;Interstellar;
Origen;Apocalypto;Terminator2:Eljuiciofinal;Elclubdelalucha;Laguerradelasgalaxias;Memento;ApocalypseNow;Regresoalfuturo;Unodelosnuestros;Interstellar;Alieneloctavopasajero;Elresplandor;
Origen;Elsextosentido;
Origen;Braveheart;Titanic;Regresoalfuturo;
Origen;Terminator2:Eljuiciofinal;Titanic;Regresoalfuturo;Eltrucofinal(Elprestigio);Requiemporunsueno;Elsextosentido;
Origen;Elclubdelalucha;Losmiserables;Titanic;Memento;Elsextosentido;Batman.Elcaballerooscuro;
Origen;Apocalypto;Elclubdelalucha;Losmiserables;Elresplandor;Batman.Elcaballerooscuro;
Origen;Elsenordelosanillos:Lasdostorres;
Seven;Braveheart;Laguerradelasgalaxias;Losmiserables;Titanic;ApocalypseNow;AmericanBeauty;Elreyleon;Elresplandor;Batman.Elcaballerooscuro
Seven
Seven;Elpianista;Infiltrados;Losmiserables;Elsenordelosanillos:Lasdostorres;Elreyleon;Requiemporunsueno;Unamentemaravillosa;Interstellar
Seven;Apocalypto;Unodelosnuestros;Requiemporunsueno;Intocable;Unamentemaravillosa;Alieneloctavopasajero
Seven;Terminator2:Eljuiciofinal;Elclubdelalucha;ApocalypseNow;Eltrucofinal(Elprestigio);Elsextosentido;Interstellar;Batman.Elcaballerooscuro
Seven;Apocalypto;Infiltrados;Laguerradelasgalaxias;ApocalypseNow;Regresoalfuturo;Elsextosentido;Intocable;Interstellar;Alieneloctavopasajero;Elresplandor
Seven;Braveheart;Terminator2:Eljuiciofinal;Memento;ApocalypseNow;Requiemporunsueno;Elsextosentido;Alieneloctavopasajero;Elresplandor
Seven;Titanic;Elsenordelosanillos:Lasdostorres;Eltrucofinal(Elprestigio)
Apocalypto;Braveheart;Terminator2:Eljuiciofinal;Elclubdelalucha;Laguerradelasgalaxias;Memento;Regresoalfuturo;Elsenordelosanillos:Lasdostorres;Eltrucofinal(Elprestigio);Unodelosnuestros;Intocable;Interstellar;Alieneloctavopasajero;Elresplandor;
Apocalypto;Elclubdelalucha;Laguerradelasgalaxias;Titanic;Elsenordelosanillos:Lasdostorres;Eltrucofinal(Elprestigio);Intocable;Unamentemaravillosa;Interstellar;Alieneloctavopasajero;Elresplandor;
Apocalypto;
Apocalypto;
Apocalypto;
Apocalypto;Memento;
Apocalypto;Terminator2:Eljuiciofinal;Infiltrados;Laguerradelasgalaxias;Memento;Regresoalfuturo;Elsenordelosanillos:Lasdostorres;Unodelosnuestros;Unamentemaravillosa;Alieneloctavopasajero;
Apocalypto;Unodelosnuestros;Requiemporunsueno;Intocable;Unamentemaravillosa;Alieneloctavopasajero;
Apocalypto;Terminator2:Eljuiciofinal;Requiemporunsueno;
Apocalypto;Infiltrados;Laguerradelasgalaxias;ApocalypseNow;Regresoalfuturo;Elsextosentido;Intocable;Interstellar;Alieneloctavopasajero;Elresplandor;
Apocalypto;Regresoalfuturo;Alieneloctavopasajero;Elresplandor;
Apocalypto;Titanic;ApocalypseNow;Elresplandor;
Apocalypto;Terminator2:Eljuiciofinal;Elclubdelalucha;Laguerradelasgalaxias;Memento;ApocalypseNow;Regresoalfuturo;Unodelosnuestros;Interstellar;Alieneloctavopasajero;Elresplandor;
Apocalypto;Elclubdelalucha;Losmiserables;Elresplandor;Batman.Elcaballerooscuro;
Braveheart;Terminator2:Eljuiciofinal;Elclubdelalucha;Laguerradelasgalaxias;Memento;Regresoalfuturo;Elsenordelosanillos:Lasdostorres;Eltrucofinal(Elprestigio);Unodelosnuestros;Intocable;Interstellar;Alieneloctavopasajero;Elresplandor
Braveheart;Laguerradelasgalaxias;Losmiserables;Titanic;ApocalypseNow;AmericanBeauty;Elreyleon;Elresplandor;Batman.Elcaballerooscuro
Braveheart;Elreyleon
Braveheart;Terminator2:Eljuiciofinal;Laguerradelasgalaxias;Titanic;ApocalypseNow;Regresoalfuturo;Elsenordelosanillos:Lasdostorres;AmericanBeauty;Requiemporunsueno;Elsextosentido;Alieneloctavopasajero;Elresplandor
Braveheart;Terminator2:Eljuiciofinal;Elclubdelalucha;Laguerradelasgalaxias;Memento;Regresoalfuturo;Eltrucofinal(Elprestigio);Unodelosnuestros;Requiemporunsueno;Elsextosentido;Interstellar;Alieneloctavopasajero;Elresplandor;Batman.Elcaballerooscuro
Braveheart;Terminator2:Eljuiciofinal;Memento;ApocalypseNow;Requiemporunsueno;Elsextosentido;Alieneloctavopasajero;Elresplandor
Braveheart;Elsenordelosanillos:Lasdostorres
Braveheart;Terminator2:Eljuiciofinal;Elpianista;AmericanBeauty
Braveheart;Elsextosentido;Interstellar;Alieneloctavopasajero
Braveheart;Elsenordelosanillos:Lasdostorres;Alieneloctavopasajero;Batman.Elcaballerooscuro
Braveheart;Titanic;Regresoalfuturo
Braveheart;Titanic
Terminator2:Eljuiciofinal;Elclubdelalucha;Laguerradelasgalaxias;Memento;Regresoalfuturo;Elsenordelosanillos:Lasdostorres;Eltrucofinal(Elprestigio);Unodelosnuestros;Intocable;Interstellar;Alieneloctavopasajero;Elresplandor;
Terminator2:Eljuiciofinal;Elclubdelalucha;
Terminator2:Eljuiciofinal;Infiltrados;Laguerradelasgalaxias;Memento;Regresoalfuturo;Elsenordelosanillos:Lasdostorres;Unodelosnuestros;Unamentemaravillosa;Alieneloctavopasajero;
Terminator2:Eljuiciofinal;Infiltrados;ApocalypseNow;Regresoalfuturo;Elsextosentido;Alieneloctavopasajero;
Terminator2:Eljuiciofinal;Batman.Elcaballerooscuro;
Terminator2:Eljuiciofinal;Laguerradelasgalaxias;Titanic;ApocalypseNow;Regresoalfuturo;Elsenordelosanillos:Lasdostorres;AmericanBeauty;Requiemporunsueno;Elsextosentido;Alieneloctavopasajero;Elresplandor;
Terminator2:Eljuiciofinal;Elclubdelalucha;Laguerradelasgalaxias;Memento;Regresoalfuturo;Eltrucofinal(Elprestigio);Unodelosnuestros;Requiemporunsueno;Elsextosentido;Interstellar;Alieneloctavopasajero;Elresplandor;Batman.Elcaballerooscuro;
Terminator2:Eljuiciofinal;Laguerradelasgalaxias;ApocalypseNow;Elresplandor;
Terminator2:Eljuiciofinal;Elclubdelalucha;ApocalypseNow;Eltrucofinal(Elprestigio);Elsextosentido;Interstellar;Batman.Elcaballerooscuro;
Terminator2:Eljuiciofinal;Laguerradelasgalaxias;Regresoalfuturo;Elsenordelosanillos:Lasdostorres;
Terminator2:Eljuiciofinal;Requiemporunsueno;
Terminator2:Eljuiciofinal;Titanic;Alieneloctavopasajero;
Terminator2:Eljuiciofinal;Memento;ApocalypseNow;Requiemporunsueno;Elsextosentido;Alieneloctavopasajero;Elresplandor;
Terminator2:Eljuiciofinal;Regresoalfuturo;Elsextosentido;
Terminator2:Eljuiciofinal;Laguerradelasgalaxias;Memento;Regresoalfuturo;Elsenordelosanillos:Lasdostorres;Alieneloctavopasajero;
Terminator2:Eljuiciofinal;Elpianista;AmericanBeauty;
Terminator2:Eljuiciofinal;Elclubdelalucha;Laguerradelasgalaxias;Memento;ApocalypseNow;Regresoalfuturo;Unodelosnuestros;Interstellar;Alieneloctavopasajero;Elresplandor;
Terminator2:Eljuiciofinal;Titanic;Regresoalfuturo;Eltrucofinal(Elprestigio);Requiemporunsueno;Elsextosentido;
Terminator2:Eljuiciofinal;Laguerradelasgalaxias;Batman.Elcaballerooscuro;
Terminator2:Eljuiciofinal;Laguerradelasgalaxias;Batman.Elcaballerooscuro;
Terminator2:Eljuiciofinal;Elclubdelalucha;Laguerradelasgalaxias;Titanic;Elsenordelosanillos:Lasdostorres;AmericanBeauty;
Terminator2:Eljuiciofinal;Elclubdelalucha;Infiltrados;Memento;ApocalypseNow;Regresoalfuturo;Eltrucofinal(Elprestigio);Batman.Elcaballerooscuro;
Elclubdelalucha;Laguerradelasgalaxias;Memento;Regresoalfuturo;Elsenordelosanillos:Lasdostorres;Eltrucofinal(Elprestigio);Unodelosnuestros;Intocable;Interstellar;Alieneloctavopasajero;Elresplandor
Elclubdelalucha;Laguerradelasgalaxias;Titanic;Elsenordelosanillos:Lasdostorres;Eltrucofinal(Elprestigio);Intocable;Unamentemaravillosa;Interstellar;Alieneloctavopasajero;Elresplandor
Elclubdelalucha
Elclubdelalucha;Laguerradelasgalaxias;Memento;Regresoalfuturo;Eltrucofinal(Elprestigio);Unodelosnuestros;Requiemporunsueno;Elsextosentido;Interstellar;Alieneloctavopasajero;Elresplandor;Batman.Elcaballerooscuro
Elclubdelalucha
Elclubdelalucha;ApocalypseNow;Eltrucofinal(Elprestigio);Elsextosentido;Interstellar;Batman.Elcaballerooscuro
Elclubdelalucha
Elclubdelalucha;Laguerradelasgalaxias;Memento;ApocalypseNow;Regresoalfuturo;Unodelosnuestros;Interstellar;Alieneloctavopasajero;Elresplandor
Elclubdelalucha;Losmiserables;Titanic;Memento;Elsextosentido;Batman.Elcaballerooscuro
Elclubdelalucha;Losmiserables;Elresplandor;Batman.Elcaballerooscuro
Elclubdelalucha;Laguerradelasgalaxias;Titanic;Elsenordelosanillos:Lasdostorres;AmericanBeauty
Elclubdelalucha;Infiltrados;Memento;ApocalypseNow;Regresoalfuturo;Eltrucofinal(Elprestigio);Batman.Elcaballerooscuro
Elpianista;Infiltrados;Losmiserables;Elsenordelosanillos:Lasdostorres;Elreyleon;Requiemporunsueno;Unamentemaravillosa;Interstellar;
Elpianista;Regresoalfuturo;Elsenordelosanillos:Lasdostorres;Elsextosentido;Interstellar;
Elpianista;AmericanBeauty;
Infiltrados;ApocalypseNow;Elresplandor
Infiltrados;Losmiserables;Elsenordelosanillos:Lasdostorres;Elreyleon;Requiemporunsueno;Unamentemaravillosa;Interstellar
Infiltrados;Laguerradelasgalaxias;Memento;Regresoalfuturo;Elsenordelosanillos:Lasdostorres;Unodelosnuestros;Unamentemaravillosa;Alieneloctavopasajero
Infiltrados;ApocalypseNow;Regresoalfuturo;Elsextosentido;Alieneloctavopasajero
Infiltrados;Laguerradelasgalaxias;ApocalypseNow;Regresoalfuturo;Elsextosentido;Intocable;Interstellar;Alieneloctavopasajero;Elresplandor
Infiltrados;Memento;ApocalypseNow;Regresoalfuturo;Eltrucofinal(Elprestigio);Batman.Elcaballerooscuro
Laguerradelasgalaxias;Memento;Regresoalfuturo;Elsenordelosanillos:Lasdostorres;Eltrucofinal(Elprestigio);Unodelosnuestros;Intocable;Interstellar;Alieneloctavopasajero;Elresplandor;
Laguerradelasgalaxias;Losmiserables;Titanic;ApocalypseNow;AmericanBeauty;Elreyleon;Elresplandor;Batman.Elcaballerooscuro;
Laguerradelasgalaxias;Titanic;Elsenordelosanillos:Lasdostorres;Eltrucofinal(Elprestigio);Intocable;Unamentemaravillosa;Interstellar;Alieneloctavopasajero;Elresplandor;
Laguerradelasgalaxias;Batman.Elcaballerooscuro;
Laguerradelasgalaxias;Losmiserables;Regresoalfuturo;Elsenordelosanillos:Lasdostorres;
Laguerradelasgalaxias;
Laguerradelasgalaxias;Memento;Regresoalfuturo;Elsenordelosanillos:Lasdostorres;Unodelosnuestros;Unamentemaravillosa;Alieneloctavopasajero;
Laguerradelasgalaxias;Interstellar;
Laguerradelasgalaxias;Titanic;ApocalypseNow;Regresoalfuturo;Elsenordelosanillos:Lasdostorres;AmericanBeauty;Requiemporunsueno;Elsextosentido;Alieneloctavopasajero;Elresplandor;
Laguerradelasgalaxias;Memento;Regresoalfuturo;Eltrucofinal(Elprestigio);Unodelosnuestros;Requiemporunsueno;Elsextosentido;Interstellar;Alieneloctavopasajero;Elresplandor;Batman.Elcaballerooscuro;
Laguerradelasgalaxias;ApocalypseNow;Elresplandor;
Laguerradelasgalaxias;ApocalypseNow;
Laguerradelasgalaxias;Regresoalfuturo;Elsenordelosanillos:Lasdostorres;
Laguerradelasgalaxias;ApocalypseNow;Regresoalfuturo;Elsextosentido;Intocable;Interstellar;Alieneloctavopasajero;Elresplandor;
Laguerradelasgalaxias;Memento;Regresoalfuturo;Elsenordelosanillos:Lasdostorres;Alieneloctavopasajero;
Laguerradelasgalaxias;
Laguerradelasgalaxias;ApocalypseNow;Regresoalfuturo;Elsenordelosanillos:Lasdostorres;AmericanBeauty;Alieneloctavopasajero;
Laguerradelasgalaxias;Memento;ApocalypseNow;Regresoalfuturo;Unodelosnuestros;Interstellar;Alieneloctavopasajero;Elresplandor;
Laguerradelasgalaxias;Batman.Elcaballerooscuro;
Laguerradelasgalaxias;Batman.Elcaballerooscuro;
Laguerradelasgalaxias;Requiemporunsueno;Interstellar;
Laguerradelasgalaxias;Titanic;Elsenordelosanillos:Lasdostorres;AmericanBeauty;
Losmiserables;Titanic;ApocalypseNow;AmericanBeauty;Elreyleon;Elresplandor;Batman.Elcaballerooscuro
Losmiserables;Regresoalfuturo;Elsenordelosanillos:Lasdostorres
Losmiserables;Elsenordelosanillos:Lasdostorres;Elreyleon;Requiemporunsueno;Unamentemaravillosa;Interstellar
Losmiserables;Regresoalfuturo
Losmiserables;Titanic;Memento;Elsextosentido;Batman.Elcaballerooscuro
Losmiserables;Elresplandor;Batman.Elcaballerooscuro
Titanic;ApocalypseNow;AmericanBeauty;Elreyleon;Elresplandor;Batman.Elcaballerooscuro;
Titanic;Elsenordelosanillos:Lasdostorres;Eltrucofinal(Elprestigio);Intocable;Unamentemaravillosa;Interstellar;Alieneloctavopasajero;Elresplandor;
Titanic;Elreyleon;
Titanic;ApocalypseNow;Regresoalfuturo;Elsenordelosanillos:Lasdostorres;AmericanBeauty;Requiemporunsueno;Elsextosentido;Alieneloctavopasajero;Elresplandor;
Titanic;Requiemporunsueno;
Titanic;
Titanic;Alieneloctavopasajero;
Titanic;Unamentemaravillosa;
Titanic;AmericanBeauty;
Titanic;ApocalypseNow;Elresplandor;
Titanic;AmericanBeauty;Interstellar;Elresplandor;
Titanic;Elsenordelosanillos:Lasdostorres;Eltrucofinal(Elprestigio);
Titanic;Regresoalfuturo;
Titanic;Regresoalfuturo;Eltrucofinal(Elprestigio);Requiemporunsueno;Elsextosentido;
Titanic;Memento;Elsextosentido;Batman.Elcaballerooscuro;
Titanic;Elsenordelosanillos:Lasdostorres;AmericanBeauty;
Titanic;
Memento;Regresoalfuturo;Elsenordelosanillos:Lasdostorres;Eltrucofinal(Elprestigio);Unodelosnuestros;Intocable;Interstellar;Alieneloctavopasajero;Elresplandor
Memento
Memento;Regresoalfuturo;Elsenordelosanillos:Lasdostorres;Unodelosnuestros;Unamentemaravillosa;Alieneloctavopasajero
Memento;Regresoalfuturo;Eltrucofinal(Elprestigio);Unodelosnuestros;Requiemporunsueno;Elsextosentido;Interstellar;Alieneloctavopasajero;Elresplandor;Batman.Elcaballerooscuro
Memento;Batman.Elcaballerooscuro
Memento;ApocalypseNow;Requiemporunsueno;Elsextosentido;Alieneloctavopasajero;Elresplandor
Memento;Regresoalfuturo;Elsenordelosanillos:Lasdostorres;Alieneloctavopasajero
Memento;ApocalypseNow;Regresoalfuturo;Unodelosnuestros;Interstellar;Alieneloctavopasajero;Elresplandor
Memento;Elsextosentido;Batman.Elcaballerooscuro
Memento;ApocalypseNow;Regresoalfuturo;Eltrucofinal(Elprestigio);Batman.Elcaballerooscuro
ApocalypseNow;Elresplandor;
ApocalypseNow;AmericanBeauty;Elreyleon;Elresplandor;Batman.Elcaballerooscuro;
ApocalypseNow;Regresoalfuturo;Elsextosentido;Alieneloctavopasajero;
ApocalypseNow;Regresoalfuturo;Elsenordelosanillos:Lasdostorres;AmericanBeauty;Requiemporunsueno;Elsextosentido;Alieneloctavopasajero;Elresplandor;
ApocalypseNow;Elresplandor;
ApocalypseNow;
ApocalypseNow;Eltrucofinal(Elprestigio);Elsextosentido;Interstellar;Batman.Elcaballerooscuro;
ApocalypseNow;Regresoalfuturo;Elsextosentido;Intocable;Interstellar;Alieneloctavopasajero;Elresplandor;
ApocalypseNow;Requiemporunsueno;Elsextosentido;Alieneloctavopasajero;Elresplandor;
ApocalypseNow;Elresplandor;
ApocalypseNow;Regresoalfuturo;Elsenordelosanillos:Lasdostorres;AmericanBeauty;Alieneloctavopasajero;
ApocalypseNow;Regresoalfuturo;Unodelosnuestros;Interstellar;Alieneloctavopasajero;Elresplandor;
ApocalypseNow;Regresoalfuturo;Eltrucofinal(Elprestigio);Batman.Elcaballerooscuro;
Regresoalfuturo;Elsenordelosanillos:Lasdostorres;Eltrucofinal(Elprestigio);Unodelosnuestros;Intocable;Interstellar;Alieneloctavopasajero;Elresplandor
Regresoalfuturo
Regresoalfuturo;Elsenordelosanillos:Lasdostorres
Regresoalfuturo;Elsenordelosanillos:Lasdostorres;Unodelosnuestros;Unamentemaravillosa;Alieneloctavopasajero
Regresoalfuturo;Elsextosentido;Alieneloctavopasajero
Regresoalfuturo;Elsenordelosanillos:Lasdostorres;AmericanBeauty;Requiemporunsueno;Elsextosentido;Alieneloctavopasajero;Elresplandor
Regresoalfuturo;Elsenordelosanillos:Lasdostorres;Elsextosentido;Interstellar
Regresoalfuturo;Eltrucofinal(Elprestigio);Unodelosnuestros;Requiemporunsueno;Elsextosentido;Interstellar;Alieneloctavopasajero;Elresplandor;Batman.Elcaballerooscuro
Regresoalfuturo;Elsenordelosanillos:Lasdostorres
Regresoalfuturo
Regresoalfuturo;Elsenordelosanillos:Lasdostorres
Regresoalfuturo;Elsextosentido;Intocable;Interstellar;Alieneloctavopasajero;Elresplandor
Regresoalfuturo;Alieneloctavopasajero;Elresplandor
Regresoalfuturo;Elsextosentido
Regresoalfuturo;Elsenordelosanillos:Lasdostorres;Alieneloctavopasajero
Regresoalfuturo;Elsenordelosanillos:Lasdostorres;AmericanBeauty;Alieneloctavopasajero
Regresoalfuturo;Unodelosnuestros;Interstellar;Alieneloctavopasajero;Elresplandor
Regresoalfuturo
Regresoalfuturo;Eltrucofinal(Elprestigio);Requiemporunsueno;Elsextosentido
Regresoalfuturo;Eltrucofinal(Elprestigio);Batman.Elcaballerooscuro
Elsenordelosanillos:Lasdostorres;Eltrucofinal(Elprestigio);Unodelosnuestros;Intocable;Interstellar;Alieneloctavopasajero;Elresplandor;
Elsenordelosanillos:Lasdostorres;Eltrucofinal(Elprestigio);Intocable;Unamentemaravillosa;Interstellar;Alieneloctavopasajero;Elresplandor;
Elsenordelosanillos:Lasdostorres;
Elsenordelosanillos:Lasdostorres;Elreyleon;Requiemporunsueno;Unamentemaravillosa;Interstellar;
Elsenordelosanillos:Lasdostorres;Unodelosnuestros;Unamentemaravillosa;Alieneloctavopasajero;
Elsenordelosanillos:Lasdostorres;AmericanBeauty;Requiemporunsueno;Elsextosentido;Alieneloctavopasajero;Elresplandor;
Elsenordelosanillos:Lasdostorres;Elsextosentido;Interstellar;
Elsenordelosanillos:Lasdostorres;
Elsenordelosanillos:Lasdostorres;Intocable;
Elsenordelosanillos:Lasdostorres;
Elsenordelosanillos:Lasdostorres;Elsextosentido;
Elsenordelosanillos:Lasdostorres;
Elsenordelosanillos:Lasdostorres;Alieneloctavopasajero;
Elsenordelosanillos:Lasdostorres;AmericanBeauty;Alieneloctavopasajero;
Elsenordelosanillos:Lasdostorres;Alieneloctavopasajero;Batman.Elcaballerooscuro;
Elsenordelosanillos:Lasdostorres;Eltrucofinal(Elprestigio);
Elsenordelosanillos:Lasdostorres;
Elsenordelosanillos:Lasdostorres;
Elsenordelosanillos:Lasdostorres;AmericanBeauty;
Eltrucofinal(Elprestigio);Unodelosnuestros;Intocable;Interstellar;Alieneloctavopasajero;Elresplandor
Eltrucofinal(Elprestigio);Intocable;Unamentemaravillosa;Interstellar;Alieneloctavopasajero;Elresplandor
Eltrucofinal(Elprestigio);Unodelosnuestros;Requiemporunsueno;Elsextosentido;Interstellar;Alieneloctavopasajero;Elresplandor;Batman.Elcaballerooscuro
Eltrucofinal(Elprestigio);Elsextosentido;Interstellar;Batman.Elcaballerooscuro
Eltrucofinal(Elprestigio)
Eltrucofinal(Elprestigio);Requiemporunsueno;Elsextosentido
Eltrucofinal(Elprestigio);Batman.Elcaballerooscuro
AmericanBeauty;Elreyleon;Elresplandor;Batman.Elcaballerooscuro;
AmericanBeauty;Requiemporunsueno;Elsextosentido;Alieneloctavopasajero;Elresplandor;
AmericanBeauty;
AmericanBeauty;Interstellar;Elresplandor;
AmericanBeauty;Alieneloctavopasajero;
AmericanBeauty;
AmericanBeauty;
AmericanBeauty;
Elreyleon;Elresplandor;Batman.Elcaballerooscuro
Elreyleon
Elreyleon;Requiemporunsueno;Unamentemaravillosa;Interstellar
Elreyleon
Unodelosnuestros;Intocable;Interstellar;Alieneloctavopasajero;Elresplandor;
Unodelosnuestros;Unamentemaravillosa;Alieneloctavopasajero;
Unodelosnuestros;Requiemporunsueno;Elsextosentido;Interstellar;Alieneloctavopasajero;Elresplandor;Batman.Elcaballerooscuro;
Unodelosnuestros;Requiemporunsueno;Intocable;Unamentemaravillosa;Alieneloctavopasajero;
Unodelosnuestros;Interstellar;Alieneloctavopasajero;Elresplandor;
Requiemporunsueno;Unamentemaravillosa;Interstellar
Requiemporunsueno;Elsextosentido;Alieneloctavopasajero;Elresplandor
Requiemporunsueno;Elsextosentido;Interstellar;Alieneloctavopasajero;Elresplandor;Batman.Elcaballerooscuro
Requiemporunsueno;Intocable;Unamentemaravillosa;Alieneloctavopasajero
Requiemporunsueno
Requiemporunsueno
Requiemporunsueno;Elsextosentido;Alieneloctavopasajero;Elresplandor
Requiemporunsueno
Requiemporunsueno;Elsextosentido
Requiemporunsueno;Interstellar
Elsextosentido;Alieneloctavopasajero;
Elsextosentido;Alieneloctavopasajero;Elresplandor;
Elsextosentido;Interstellar;
Elsextosentido;Interstellar;Alieneloctavopasajero;Elresplandor;Batman.Elcaballerooscuro;
Elsextosentido;Interstellar;Batman.Elcaballerooscuro;
Elsextosentido;Intocable;Interstellar;Alieneloctavopasajero;Elresplandor;
Elsextosentido;Alieneloctavopasajero;Elresplandor;
Elsextosentido;
Elsextosentido;
Elsextosentido;Interstellar;Alieneloctavopasajero;
Elsextosentido;
Elsextosentido;
Elsextosentido;Batman.Elcaballerooscuro;
Intocable;Interstellar;Alieneloctavopasajero;Elresplandor
Intocable;Unamentemaravillosa;Interstellar;Alieneloctavopasajero;Elresplandor
Intocable;Unamentemaravillosa;Alieneloctavopasajero
Intocable
Intocable;Interstellar;Alieneloctavopasajero;Elresplandor
Unamentemaravillosa;Interstellar;Alieneloctavopasajero;Elresplandor;
Unamentemaravillosa;Interstellar;
Unamentemaravillosa;Alieneloctavopasajero;
Unamentemaravillosa;Alieneloctavopasajero;
Unamentemaravillosa;
Interstellar;Alieneloctavopasajero;Elresplandor
Interstellar;Alieneloctavopasajero;Elresplandor
Interstellar
Interstellar
Interstellar
Interstellar;Alieneloctavopasajero;Elresplandor;Batman.Elcaballerooscuro
Interstellar;Batman.Elcaballerooscuro
Interstellar;Alieneloctavopasajero;Elresplandor
Interstellar
Interstellar;Elresplandor
Interstellar;Alieneloctavopasajero
Interstellar;Alieneloctavopasajero;Elresplandor
Interstellar
Alieneloctavopasajero;Elresplandor;
Alieneloctavopasajero;Elresplandor;
Alieneloctavopasajero;
Alieneloctavopasajero;
Alieneloctavopasajero;Elresplandor;
Alieneloctavopasajero;Elresplandor;Batman.Elcaballerooscuro;
Alieneloctavopasajero;
Alieneloctavopasajero;
Alieneloctavopasajero;Elresplandor;
Alieneloctavopasajero;Elresplandor;
Alieneloctavopasajero;Elresplandor;
Alieneloctavopasajero;
Alieneloctavopasajero;
Alieneloctavopasajero;
Alieneloctavopasajero;Batman.Elcaballerooscuro;
Alieneloctavopasajero;Elresplandor;
Elresplandor
Elresplandor
Elresplandor;Batman.Elcaballerooscuro
Elresplandor
Elresplandor
Elresplandor
Elresplandor;Batman.Elcaballerooscuro
Elresplandor
Elresplandor
Elresplandor
Elresplandor
Elresplandor
Elresplandor
Elresplandor
Elresplandor;Batman.Elcaballerooscuro
