Elpadrino;Elpadrino.ParteII;IndianaJones.Enbuscadelarcaperdida;Casablanca;Elsenordelosanillos:Elretornodelrey;Psicosis;StarWars.Elimperiocontraataca;Elsenordelosanillos:Lacomunidaddelanillo;AmericanHistoryX;Terminator2:Eljuiciofinal;Laguerradelasgalaxias;Memento;Regresoalfuturo;Elsenordelosanillos:Lasdostorres;Alieneloctavopasajero;
Elpadrino;Elpadrino.ParteII;Elsenordelosanillos:Lasdostorres;
Elpadrino;Elsilenciodeloscorderos;Matrix;Elsenordelosanillos:Elretornodelrey;Naufrago;Elsenordelosanillos:Lacomunidaddelanillo;Seven;Titanic;Elsenordelosanillos:Lasdostorres;Eltrucofinal(Elprestigio);
Elpadrino;Elpadrino.ParteII;Cadenaperpetua;Elsilenciodeloscorderos;PulpFiction;Psicosis;Naufrago;AmericanHistoryX;Origen;Braveheart;Terminator2:Eljuiciofinal;Elclubdelalucha;Laguerradelasgalaxias;Memento;Regresoalfuturo;Eltrucofinal(Elprestigio);Unodelosnuestros;Requiemporunsueno;Elsextosentido;Interstellar;Alieneloctavopasajero;Elresplandor;Batman.Elcaballerooscuro
Elpadrino;Matrix;Elsenordelosanillos:Elretornodelrey;Elsenordelosanillos:Lacomunidaddelanillo;Elsenordelosanillos:Lasdostorres;Elsextosentido;
Elpadrino;Elpadrino.ParteII;
Elpadrino;Elpadrino.ParteII;
Enbuscadelafelicidad;Elbuenoelfeoyelmalo;Elpadrino.ParteII;LalistadeSchindler;Cadenaperpetua;Elsilenciodeloscorderos;PulpFiction;IndianaJones.Enbuscadelarcaperdida;ForrestGump;Gladiator;Naufrago;Lamillaverde;Seven;Apocalypto;Infiltrados;Laguerradelasgalaxias;ApocalypseNow;Regresoalfuturo;Elsextosentido;Intocable;Interstellar;Alieneloctavopasajero;Elresplandor;
Enbuscadelafelicidad;Elsilenciodeloscorderos;Matrix;Titanic;Requiemporunsueno;
Enbuscadelafelicidad;IndianaJones.Enbuscadelarcaperdida;StarWars.Elimperiocontraataca;Origen;Braveheart;Titanic;Regresoalfuturo;
Enbuscadelafelicidad;Apocalypto;
Enbuscadelafelicidad;
Elbuenoelfeoyelmalo;Cadenaperpetua;Casablanca;Elsenordelosanillos:Elretornodelrey;Psicosis;StarWars.Elimperiocontraataca;SalvaralsoldadoRyan;Elsenordelosanillos:Lacomunidaddelanillo;Lamillaverde;Apocalypto;Terminator2:Eljuiciofinal;Infiltrados;Laguerradelasgalaxias;Memento;Regresoalfuturo;Elsenordelosanillos:Lasdostorres;Unodelosnuestros;Unamentemaravillosa;Alieneloctavopasajero;
Elbuenoelfeoyelmalo;Elpadrino.ParteII;LalistadeSchindler;Cadenaperpetua;Elsilenciodeloscorderos;PulpFiction;IndianaJones.Enbuscadelarcaperdida;ForrestGump;Gladiator;Naufrago;Lamillaverde;Seven;Apocalypto;Infiltrados;Laguerradelasgalaxias;ApocalypseNow;Regresoalfuturo;Elsextosentido;Intocable;Interstellar;Alieneloctavopasajero;Elresplandor;
Elbuenoelfeoyelmalo;Seven;
Elbuenoelfeoyelmalo;StarWars.Elimperiocontraataca;Batman.Elcaballerooscuro;
Elbuenoelfeoyelmalo;Matrix;Elsenordelosanillos:Lacomunidaddelanillo;
Elbuenoelfeoyelmalo;Casablanca;Lavidaesbella;CiudaddeDios;Psicosis;AmericanHistoryX;Seven;Apocalypto;Unodelosnuestros;Requiemporunsueno;Intocable;Unamentemaravillosa;Alieneloctavopasajero;
Elbuenoelfeoyelmalo;IndianaJones.Enbuscadelarcaperdida;Elsenordelosanillos:Elretornodelrey;Seven;Braveheart;Laguerradelasgalaxias;Losmiserables;Titanic;ApocalypseNow;AmericanBeauty;Elreyleon;Elresplandor;Batman.Elcaballerooscuro;
Elpadrino.ParteII;IndianaJones.Enbuscadelarcaperdida;Casablanca;Elsenordelosanillos:Elretornodelrey;Psicosis;StarWars.Elimperiocontraataca;Elsenordelosanillos:Lacomunidaddelanillo;AmericanHistoryX;Terminator2:Eljuiciofinal;Laguerradelasgalaxias;Memento;Regresoalfuturo;Elsenordelosanillos:Lasdostorres;Alieneloctavopasajero;
Elpadrino.ParteII;Elsenordelosanillos:Lasdostorres;
Elpadrino.ParteII;Cadenaperpetua;Elsilenciodeloscorderos;PulpFiction;Psicosis;Naufrago;AmericanHistoryX;Origen;Braveheart;Terminator2:Eljuiciofinal;Elclubdelalucha;Laguerradelasgalaxias;Memento;Regresoalfuturo;Eltrucofinal(Elprestigio);Unodelosnuestros;Requiemporunsueno;Elsextosentido;Interstellar;Alieneloctavopasajero;Elresplandor;Batman.Elcaballerooscuro;
Elpadrino.ParteII;
Elpadrino.ParteII;
Elpadrino.ParteII;Gladiator;SalvaralsoldadoRyan;
Elpadrino.ParteII;Cadenaperpetua;PulpFiction;Casablanca;CiudaddeDios;Psicosis;Gladiator;AmericanHistoryX;Lamillaverde;Terminator2:Eljuiciofinal;Elclubdelalucha;Infiltrados;Memento;ApocalypseNow;Regresoalfuturo;Eltrucofinal(Elprestigio);Batman.Elcaballerooscuro;
Elpadrino.ParteII;LalistadeSchindler;Cadenaperpetua;Elsilenciodeloscorderos;PulpFiction;IndianaJones.Enbuscadelarcaperdida;ForrestGump;Gladiator;Naufrago;Lamillaverde;Seven;Apocalypto;Infiltrados;Laguerradelasgalaxias;ApocalypseNow;Regresoalfuturo;Elsextosentido;Intocable;Interstellar;Alieneloctavopasajero;Elresplandor;
Elpadrino.ParteII;IndianaJones.Enbuscadelarcaperdida;CiudaddeDios;StarWars.Elimperiocontraataca;Infiltrados;ApocalypseNow;Elresplandor;
LalistadeSchindler;Cadenaperpetua;Elsilenciodeloscorderos;PulpFiction;IndianaJones.Enbuscadelarcaperdida;ForrestGump;Gladiator;Naufrago;Lamillaverde;Seven;Apocalypto;Infiltrados;Laguerradelasgalaxias;ApocalypseNow;Regresoalfuturo;Elsextosentido;Intocable;Interstellar;Alieneloctavopasajero;Elresplandor;
LalistadeSchindler;IndianaJones.Enbuscadelarcaperdida;StarWars.Elimperiocontraataca;Naufrago;AmericanHistoryX;Origen;Apocalypto;Terminator2:Eljuiciofinal;Elclubdelalucha;Laguerradelasgalaxias;Memento;ApocalypseNow;Regresoalfuturo;Unodelosnuestros;Interstellar;Alieneloctavopasajero;Elresplandor;
Cadenaperpetua;Elsilenciodeloscorderos;PulpFiction;Psicosis;Naufrago;AmericanHistoryX;Origen;Braveheart;Terminator2:Eljuiciofinal;Elclubdelalucha;Laguerradelasgalaxias;Memento;Regresoalfuturo;Eltrucofinal(Elprestigio);Unodelosnuestros;Requiemporunsueno;Elsextosentido;Interstellar;Alieneloctavopasajero;Elresplandor;Batman.Elcaballerooscuro;
Cadenaperpetua;Casablanca;Elsenordelosanillos:Elretornodelrey;Psicosis;StarWars.Elimperiocontraataca;SalvaralsoldadoRyan;Elsenordelosanillos:Lacomunidaddelanillo;Lamillaverde;Apocalypto;Terminator2:Eljuiciofinal;Infiltrados;Laguerradelasgalaxias;Memento;Regresoalfuturo;Elsenordelosanillos:Lasdostorres;Unodelosnuestros;Unamentemaravillosa;Alieneloctavopasajero;
Cadenaperpetua;PulpFiction;Casablanca;CiudaddeDios;Psicosis;Gladiator;AmericanHistoryX;Lamillaverde;Terminator2:Eljuiciofinal;Elclubdelalucha;Infiltrados;Memento;ApocalypseNow;Regresoalfuturo;Eltrucofinal(Elprestigio);Batman.Elcaballerooscuro;
Cadenaperpetua;Elsilenciodeloscorderos;PulpFiction;IndianaJones.Enbuscadelarcaperdida;ForrestGump;Gladiator;Naufrago;Lamillaverde;Seven;Apocalypto;Infiltrados;Laguerradelasgalaxias;ApocalypseNow;Regresoalfuturo;Elsextosentido;Intocable;Interstellar;Alieneloctavopasajero;Elresplandor;
Cadenaperpetua;PulpFiction;Gladiator;Elsenordelosanillos:Lacomunidaddelanillo;Elpianista;Regresoalfuturo;Elsenordelosanillos:Lasdostorres;Elsextosentido;Interstellar;
Elsilenciodeloscorderos;Matrix;Elsenordelosanillos:Elretornodelrey;Naufrago;Elsenordelosanillos:Lacomunidaddelanillo;Seven;Titanic;Elsenordelosanillos:Lasdostorres;Eltrucofinal(Elprestigio);
Elsilenciodeloscorderos;PulpFiction;Psicosis;Naufrago;AmericanHistoryX;Origen;Braveheart;Terminator2:Eljuiciofinal;Elclubdelalucha;Laguerradelasgalaxias;Memento;Regresoalfuturo;Eltrucofinal(Elprestigio);Unodelosnuestros;Requiemporunsueno;Elsextosentido;Interstellar;Alieneloctavopasajero;Elresplandor;Batman.Elcaballerooscuro;
Elsilenciodeloscorderos;PulpFiction;IndianaJones.Enbuscadelarcaperdida;ForrestGump;Gladiator;Naufrago;Lamillaverde;Seven;Apocalypto;Infiltrados;Laguerradelasgalaxias;ApocalypseNow;Regresoalfuturo;Elsextosentido;Intocable;Interstellar;Alieneloctavopasajero;Elresplandor;
Elsilenciodeloscorderos;Matrix;Titanic;Requiemporunsueno;
Matrix;Elsenordelosanillos:Elretornodelrey;Naufrago;Elsenordelosanillos:Lacomunidaddelanillo;Seven;Titanic;Elsenordelosanillos:Lasdostorres;Eltrucofinal(Elprestigio);
Matrix;Elsenordelosanillos:Elretornodelrey;Elsenordelosanillos:Lacomunidaddelanillo;Elsenordelosanillos:Lasdostorres;Elsextosentido;
Matrix;IndianaJones.Enbuscadelarcaperdida;Casablanca;Elsenordelosanillos:Elretornodelrey;StarWars.Elimperiocontraataca;Gladiator;Elsenordelosanillos:Lacomunidaddelanillo;Braveheart;Elsenordelosanillos:Lasdostorres;Alieneloctavopasajero;Batman.Elcaballerooscuro;
Matrix;Casablanca;Lavidaesbella;StarWars.Elimperiocontraataca;Terminator2:Eljuiciofinal;Laguerradelasgalaxias;ApocalypseNow;Elresplandor;
Matrix;Laguerradelasgalaxias;
Matrix;Casablanca;Elsenordelosanillos:Elretornodelrey;Elsenordelosanillos:Lacomunidaddelanillo;Lamillaverde;Apocalypto;Braveheart;Terminator2:Eljuiciofinal;Elclubdelalucha;Laguerradelasgalaxias;Memento;Regresoalfuturo;Elsenordelosanillos:Lasdostorres;Eltrucofinal(Elprestigio);Unodelosnuestros;Intocable;Interstellar;Alieneloctavopasajero;Elresplandor;
Matrix;
Matrix;Titanic;Requiemporunsueno;
Matrix;Elsenordelosanillos:Lacomunidaddelanillo;
Matrix;Elsenordelosanillos:Elretornodelrey;Gladiator;Origen;Regresoalfuturo;Elsenordelosanillos:Lasdostorres;
Matrix;Gladiator;AmericanBeauty;
Matrix;Elsenordelosanillos:Elretornodelrey;StarWars.Elimperiocontraataca;Braveheart;Elreyleon;
PulpFiction;Psicosis;Naufrago;AmericanHistoryX;Origen;Braveheart;Terminator2:Eljuiciofinal;Elclubdelalucha;Laguerradelasgalaxias;Memento;Regresoalfuturo;Eltrucofinal(Elprestigio);Unodelosnuestros;Requiemporunsueno;Elsextosentido;Interstellar;Alieneloctavopasajero;Elresplandor;Batman.Elcaballerooscuro;
PulpFiction;Casablanca;CiudaddeDios;Psicosis;Gladiator;AmericanHistoryX;Lamillaverde;Terminator2:Eljuiciofinal;Elclubdelalucha;Infiltrados;Memento;ApocalypseNow;Regresoalfuturo;Eltrucofinal(Elprestigio);Batman.Elcaballerooscuro;
PulpFiction;IndianaJones.Enbuscadelarcaperdida;ForrestGump;Gladiator;Naufrago;Lamillaverde;Seven;Apocalypto;Infiltrados;Laguerradelasgalaxias;ApocalypseNow;Regresoalfuturo;Elsextosentido;Intocable;Interstellar;Alieneloctavopasajero;Elresplandor;
PulpFiction;Gladiator;Elsenordelosanillos:Lacomunidaddelanillo;Elpianista;Regresoalfuturo;Elsenordelosanillos:Lasdostorres;Elsextosentido;Interstellar;
PulpFiction;IndianaJones.Enbuscadelarcaperdida;Elsenordelosanillos:Elretornodelrey;StarWars.Elimperiocontraataca;Elsenordelosanillos:Lacomunidaddelanillo;Terminator2:Eljuiciofinal;Laguerradelasgalaxias;Regresoalfuturo;Elsenordelosanillos:Lasdostorres;
IndianaJones.Enbuscadelarcaperdida;Casablanca;Elsenordelosanillos:Elretornodelrey;Psicosis;StarWars.Elimperiocontraataca;Elsenordelosanillos:Lacomunidaddelanillo;AmericanHistoryX;Terminator2:Eljuiciofinal;Laguerradelasgalaxias;Memento;Regresoalfuturo;Elsenordelosanillos:Lasdostorres;Alieneloctavopasajero;
IndianaJones.Enbuscadelarcaperdida;Casablanca;Elsenordelosanillos:Elretornodelrey;StarWars.Elimperiocontraataca;Gladiator;Elsenordelosanillos:Lacomunidaddelanillo;Braveheart;Elsenordelosanillos:Lasdostorres;Alieneloctavopasajero;Batman.Elcaballerooscuro;
IndianaJones.Enbuscadelarcaperdida;Psicosis;Gladiator;Lamillaverde;Seven;Braveheart;Terminator2:Eljuiciofinal;Memento;ApocalypseNow;Requiemporunsueno;Elsextosentido;Alieneloctavopasajero;Elresplandor;
IndianaJones.Enbuscadelarcaperdida;ForrestGump;Gladiator;Naufrago;Lamillaverde;Seven;Apocalypto;Infiltrados;Laguerradelasgalaxias;ApocalypseNow;Regresoalfuturo;Elsextosentido;Intocable;Interstellar;Alieneloctavopasajero;Elresplandor;
IndianaJones.Enbuscadelarcaperdida;CiudaddeDios;StarWars.Elimperiocontraataca;Infiltrados;ApocalypseNow;Elresplandor;
IndianaJones.Enbuscadelarcaperdida;StarWars.Elimperiocontraataca;Origen;Braveheart;Titanic;Regresoalfuturo;
IndianaJones.Enbuscadelarcaperdida;StarWars.Elimperiocontraataca;Naufrago;AmericanHistoryX;Origen;Apocalypto;Terminator2:Eljuiciofinal;Elclubdelalucha;Laguerradelasgalaxias;Memento;ApocalypseNow;Regresoalfuturo;Unodelosnuestros;Interstellar;Alieneloctavopasajero;Elresplandor;
IndianaJones.Enbuscadelarcaperdida;Elsenordelosanillos:Elretornodelrey;Seven;Braveheart;Laguerradelasgalaxias;Losmiserables;Titanic;ApocalypseNow;AmericanBeauty;Elreyleon;Elresplandor;Batman.Elcaballerooscuro;
IndianaJones.Enbuscadelarcaperdida;Elsenordelosanillos:Elretornodelrey;StarWars.Elimperiocontraataca;Elsenordelosanillos:Lacomunidaddelanillo;Terminator2:Eljuiciofinal;Laguerradelasgalaxias;Regresoalfuturo;Elsenordelosanillos:Lasdostorres;
IndianaJones.Enbuscadelarcaperdida;Gladiator;Losmiserables;Regresoalfuturo;
IndianaJones.Enbuscadelarcaperdida;
Casablanca;Elsenordelosanillos:Elretornodelrey;Psicosis;StarWars.Elimperiocontraataca;Elsenordelosanillos:Lacomunidaddelanillo;AmericanHistoryX;Terminator2:Eljuiciofinal;Laguerradelasgalaxias;Memento;Regresoalfuturo;Elsenordelosanillos:Lasdostorres;Alieneloctavopasajero;
Casablanca;Elsenordelosanillos:Elretornodelrey;Psicosis;StarWars.Elimperiocontraataca;SalvaralsoldadoRyan;Elsenordelosanillos:Lacomunidaddelanillo;Lamillaverde;Apocalypto;Terminator2:Eljuiciofinal;Infiltrados;Laguerradelasgalaxias;Memento;Regresoalfuturo;Elsenordelosanillos:Lasdostorres;Unodelosnuestros;Unamentemaravillosa;Alieneloctavopasajero;
Casablanca;Elsenordelosanillos:Elretornodelrey;StarWars.Elimperiocontraataca;Gladiator;Elsenordelosanillos:Lacomunidaddelanillo;Braveheart;Elsenordelosanillos:Lasdostorres;Alieneloctavopasajero;Batman.Elcaballerooscuro;
Casablanca;Lavidaesbella;StarWars.Elimperiocontraataca;Terminator2:Eljuiciofinal;Laguerradelasgalaxias;ApocalypseNow;Elresplandor;
Casablanca;CiudaddeDios;Psicosis;Gladiator;AmericanHistoryX;Lamillaverde;Terminator2:Eljuiciofinal;Elclubdelalucha;Infiltrados;Memento;ApocalypseNow;Regresoalfuturo;Eltrucofinal(Elprestigio);Batman.Elcaballerooscuro;
Casablanca;
Casablanca;Elsenordelosanillos:Elretornodelrey;Elsenordelosanillos:Lacomunidaddelanillo;Lamillaverde;Apocalypto;Braveheart;Terminator2:Eljuiciofinal;Elclubdelalucha;Laguerradelasgalaxias;Memento;Regresoalfuturo;Elsenordelosanillos:Lasdostorres;Eltrucofinal(Elprestigio);Unodelosnuestros;Intocable;Interstellar;Alieneloctavopasajero;Elresplandor;
Casablanca;Lavidaesbella;CiudaddeDios;Psicosis;AmericanHistoryX;Seven;Apocalypto;Unodelosnuestros;Requiemporunsueno;Intocable;Unamentemaravillosa;Alieneloctavopasajero;
Lavidaesbella;StarWars.Elimperiocontraataca;Terminator2:Eljuiciofinal;Laguerradelasgalaxias;ApocalypseNow;Elresplandor;
Lavidaesbella;Terminator2:Eljuiciofinal;Laguerradelasgalaxias;Batman.Elcaballerooscuro;
Lavidaesbella;Terminator2:Eljuiciofinal;Laguerradelasgalaxias;Batman.Elcaballerooscuro;
Lavidaesbella;CiudaddeDios;Psicosis;AmericanHistoryX;Seven;Apocalypto;Unodelosnuestros;Requiemporunsueno;Intocable;Unamentemaravillosa;Alieneloctavopasajero;
Lavidaesbella;
ForrestGump;Gladiator;Naufrago;Lamillaverde;Seven;Apocalypto;Infiltrados;Laguerradelasgalaxias;ApocalypseNow;Regresoalfuturo;Elsextosentido;Intocable;Interstellar;Alieneloctavopasajero;Elresplandor;
ForrestGump;Elsenordelosanillos:Elretornodelrey;StarWars.Elimperiocontraataca;Naufrago;Elsenordelosanillos:Lacomunidaddelanillo;Terminator2:Eljuiciofinal;Elclubdelalucha;Laguerradelasgalaxias;Titanic;Elsenordelosanillos:Lasdostorres;AmericanBeauty;
ForrestGump;Origen;Elsextosentido;
CiudaddeDios;Psicosis;Gladiator;AmericanHistoryX;Lamillaverde;Terminator2:Eljuiciofinal;Elclubdelalucha;Infiltrados;Memento;ApocalypseNow;Regresoalfuturo;Eltrucofinal(Elprestigio);Batman.Elcaballerooscuro;
CiudaddeDios;StarWars.Elimperiocontraataca;Infiltrados;ApocalypseNow;Elresplandor;
CiudaddeDios;Psicosis;AmericanHistoryX;Seven;Apocalypto;Unodelosnuestros;Requiemporunsueno;Intocable;Unamentemaravillosa;Alieneloctavopasajero;
Elsenordelosanillos:Elretornodelrey;Psicosis;StarWars.Elimperiocontraataca;Elsenordelosanillos:Lacomunidaddelanillo;AmericanHistoryX;Terminator2:Eljuiciofinal;Laguerradelasgalaxias;Memento;Regresoalfuturo;Elsenordelosanillos:Lasdostorres;Alieneloctavopasajero;
Elsenordelosanillos:Elretornodelrey;Naufrago;Elsenordelosanillos:Lacomunidaddelanillo;Seven;Titanic;Elsenordelosanillos:Lasdostorres;Eltrucofinal(Elprestigio);
Elsenordelosanillos:Elretornodelrey;Elsenordelosanillos:Lacomunidaddelanillo;Elsenordelosanillos:Lasdostorres;Elsextosentido;
Elsenordelosanillos:Elretornodelrey;Psicosis;StarWars.Elimperiocontraataca;SalvaralsoldadoRyan;Elsenordelosanillos:Lacomunidaddelanillo;Lamillaverde;Apocalypto;Terminator2:Eljuiciofinal;Infiltrados;Laguerradelasgalaxias;Memento;Regresoalfuturo;Elsenordelosanillos:Lasdostorres;Unodelosnuestros;Unamentemaravillosa;Alieneloctavopasajero;
Elsenordelosanillos:Elretornodelrey;StarWars.Elimperiocontraataca;Gladiator;Elsenordelosanillos:Lacomunidaddelanillo;Braveheart;Elsenordelosanillos:Lasdostorres;Alieneloctavopasajero;Batman.Elcaballerooscuro;
Elsenordelosanillos:Elretornodelrey;StarWars.Elimperiocontraataca;Elsenordelosanillos:Lacomunidaddelanillo;Laguerradelasgalaxias;ApocalypseNow;Regresoalfuturo;Elsenordelosanillos:Lasdostorres;AmericanBeauty;Alieneloctavopasajero;
Elsenordelosanillos:Elretornodelrey;Elsenordelosanillos:Lacomunidaddelanillo;
Elsenordelosanillos:Elretornodelrey;Elsenordelosanillos:Lacomunidaddelanillo;Lamillaverde;Apocalypto;Braveheart;Terminator2:Eljuiciofinal;Elclubdelalucha;Laguerradelasgalaxias;Memento;Regresoalfuturo;Elsenordelosanillos:Lasdostorres;Eltrucofinal(Elprestigio);Unodelosnuestros;Intocable;Interstellar;Alieneloctavopasajero;Elresplandor;
Elsenordelosanillos:Elretornodelrey;StarWars.Elimperiocontraataca;Naufrago;Elsenordelosanillos:Lacomunidaddelanillo;Terminator2:Eljuiciofinal;Elclubdelalucha;Laguerradelasgalaxias;Titanic;Elsenordelosanillos:Lasdostorres;AmericanBeauty;
Elsenordelosanillos:Elretornodelrey;Seven;Braveheart;Laguerradelasgalaxias;Losmiserables;Titanic;ApocalypseNow;AmericanBeauty;Elreyleon;Elresplandor;Batman.Elcaballerooscuro;
Elsenordelosanillos:Elretornodelrey;Elsenordelosanillos:Lacomunidaddelanillo;Elsenordelosanillos:Lasdostorres;Intocable;
Elsenordelosanillos:Elretornodelrey;Elsenordelosanillos:Lacomunidaddelanillo;Laguerradelasgalaxias;Losmiserables;Regresoalfuturo;Elsenordelosanillos:Lasdostorres;
Elsenordelosanillos:Elretornodelrey;StarWars.Elimperiocontraataca;Elsenordelosanillos:Lacomunidaddelanillo;Terminator2:Eljuiciofinal;Laguerradelasgalaxias;Regresoalfuturo;Elsenordelosanillos:Lasdostorres;
Elsenordelosanillos:Elretornodelrey;Gladiator;Origen;Regresoalfuturo;Elsenordelosanillos:Lasdostorres;
Elsenordelosanillos:Elretornodelrey;StarWars.Elimperiocontraataca;Braveheart;Elreyleon;
Psicosis;StarWars.Elimperiocontraataca;Elsenordelosanillos:Lacomunidaddelanillo;AmericanHistoryX;Terminator2:Eljuiciofinal;Laguerradelasgalaxias;Memento;Regresoalfuturo;Elsenordelosanillos:Lasdostorres;Alieneloctavopasajero;
Psicosis;Naufrago;AmericanHistoryX;Origen;Braveheart;Terminator2:Eljuiciofinal;Elclubdelalucha;Laguerradelasgalaxias;Memento;Regresoalfuturo;Eltrucofinal(Elprestigio);Unodelosnuestros;Requiemporunsueno;Elsextosentido;Interstellar;Alieneloctavopasajero;Elresplandor;Batman.Elcaballerooscuro;
Psicosis;StarWars.Elimperiocontraataca;SalvaralsoldadoRyan;Elsenordelosanillos:Lacomunidaddelanillo;Lamillaverde;Apocalypto;Terminator2:Eljuiciofinal;Infiltrados;Laguerradelasgalaxias;Memento;Regresoalfuturo;Elsenordelosanillos:Lasdostorres;Unodelosnuestros;Unamentemaravillosa;Alieneloctavopasajero;
Psicosis;Gladiator;AmericanHistoryX;Lamillaverde;Terminator2:Eljuiciofinal;Elclubdelalucha;Infiltrados;Memento;ApocalypseNow;Regresoalfuturo;Eltrucofinal(Elprestigio);Batman.Elcaballerooscuro;
Psicosis;Gladiator;Lamillaverde;Seven;Braveheart;Terminator2:Eljuiciofinal;Memento;ApocalypseNow;Requiemporunsueno;Elsextosentido;Alieneloctavopasajero;Elresplandor;
Psicosis;AmericanHistoryX;Seven;Apocalypto;Unodelosnuestros;Requiemporunsueno;Intocable;Unamentemaravillosa;Alieneloctavopasajero;
Psicosis;
StarWars.Elimperiocontraataca;Elsenordelosanillos:Lacomunidaddelanillo;AmericanHistoryX;Terminator2:Eljuiciofinal;Laguerradelasgalaxias;Memento;Regresoalfuturo;Elsenordelosanillos:Lasdostorres;Alieneloctavopasajero;
StarWars.Elimperiocontraataca;SalvaralsoldadoRyan;Elsenordelosanillos:Lacomunidaddelanillo;Lamillaverde;Apocalypto;Terminator2:Eljuiciofinal;Infiltrados;Laguerradelasgalaxias;Memento;Regresoalfuturo;Elsenordelosanillos:Lasdostorres;Unodelosnuestros;Unamentemaravillosa;Alieneloctavopasajero;
StarWars.Elimperiocontraataca;Gladiator;Elsenordelosanillos:Lacomunidaddelanillo;Braveheart;Elsenordelosanillos:Lasdostorres;Alieneloctavopasajero;Batman.Elcaballerooscuro;
StarWars.Elimperiocontraataca;Terminator2:Eljuiciofinal;Laguerradelasgalaxias;ApocalypseNow;Elresplandor;
StarWars.Elimperiocontraataca;Elsenordelosanillos:Lacomunidaddelanillo;Laguerradelasgalaxias;ApocalypseNow;Regresoalfuturo;Elsenordelosanillos:Lasdostorres;AmericanBeauty;Alieneloctavopasajero;
StarWars.Elimperiocontraataca;Infiltrados;ApocalypseNow;Elresplandor;
StarWars.Elimperiocontraataca;Batman.Elcaballerooscuro;
StarWars.Elimperiocontraataca;Naufrago;Elsenordelosanillos:Lacomunidaddelanillo;Terminator2:Eljuiciofinal;Elclubdelalucha;Laguerradelasgalaxias;Titanic;Elsenordelosanillos:Lasdostorres;AmericanBeauty;
StarWars.Elimperiocontraataca;Origen;Braveheart;Titanic;Regresoalfuturo;
StarWars.Elimperiocontraataca;Naufrago;AmericanHistoryX;Origen;Apocalypto;Terminator2:Eljuiciofinal;Elclubdelalucha;Laguerradelasgalaxias;Memento;ApocalypseNow;Regresoalfuturo;Unodelosnuestros;Interstellar;Alieneloctavopasajero;Elresplandor;
StarWars.Elimperiocontraataca;Elsenordelosanillos:Lacomunidaddelanillo;Terminator2:Eljuiciofinal;Laguerradelasgalaxias;Regresoalfuturo;Elsenordelosanillos:Lasdostorres;
StarWars.Elimperiocontraataca;Braveheart;Elreyleon;
Gladiator;SalvaralsoldadoRyan;
Gladiator;Elsenordelosanillos:Lacomunidaddelanillo;Braveheart;Elsenordelosanillos:Lasdostorres;Alieneloctavopasajero;Batman.Elcaballerooscuro;
Gladiator;AmericanHistoryX;Lamillaverde;Terminator2:Eljuiciofinal;Elclubdelalucha;Infiltrados;Memento;ApocalypseNow;Regresoalfuturo;Eltrucofinal(Elprestigio);Batman.Elcaballerooscuro;
Gladiator;Lamillaverde;Seven;Braveheart;Terminator2:Eljuiciofinal;Memento;ApocalypseNow;Requiemporunsueno;Elsextosentido;Alieneloctavopasajero;Elresplandor;
Gladiator;Naufrago;Lamillaverde;Seven;Apocalypto;Infiltrados;Laguerradelasgalaxias;ApocalypseNow;Regresoalfuturo;Elsextosentido;Intocable;Interstellar;Alieneloctavopasajero;Elresplandor;
Gladiator;Elsenordelosanillos:Lacomunidaddelanillo;Elpianista;Regresoalfuturo;Elsenordelosanillos:Lasdostorres;Elsextosentido;Interstellar;
Gladiator;
Gladiator;Origen;Regresoalfuturo;Elsenordelosanillos:Lasdostorres;
Gladiator;AmericanBeauty;
Gladiator;Losmiserables;Regresoalfuturo;
Naufrago;Elsenordelosanillos:Lacomunidaddelanillo;Seven;Titanic;Elsenordelosanillos:Lasdostorres;Eltrucofinal(Elprestigio);
Naufrago;AmericanHistoryX;Origen;Braveheart;Terminator2:Eljuiciofinal;Elclubdelalucha;Laguerradelasgalaxias;Memento;Regresoalfuturo;Eltrucofinal(Elprestigio);Unodelosnuestros;Requiemporunsueno;Elsextosentido;Interstellar;Alieneloctavopasajero;Elresplandor;Batman.Elcaballerooscuro;
Naufrago;Lamillaverde;Seven;Apocalypto;Infiltrados;Laguerradelasgalaxias;ApocalypseNow;Regresoalfuturo;Elsextosentido;Intocable;Interstellar;Alieneloctavopasajero;Elresplandor;
Naufrago;Elsenordelosanillos:Lacomunidaddelanillo;Terminator2:Eljuiciofinal;Elclubdelalucha;Laguerradelasgalaxias;Titanic;Elsenordelosanillos:Lasdostorres;AmericanBeauty;
Naufrago;AmericanHistoryX;Origen;Apocalypto;Terminator2:Eljuiciofinal;Elclubdelalucha;Laguerradelasgalaxias;Memento;ApocalypseNow;Regresoalfuturo;Unodelosnuestros;Interstellar;Alieneloctavopasajero;Elresplandor;
Naufrago;Requiemporunsueno;
SalvaralsoldadoRyan;Elsenordelosanillos:Lacomunidaddelanillo;Lamillaverde;Apocalypto;Terminator2:Eljuiciofinal;Infiltrados;Laguerradelasgalaxias;Memento;Regresoalfuturo;Elsenordelosanillos:Lasdostorres;Unodelosnuestros;Unamentemaravillosa;Alieneloctavopasajero;
SalvaralsoldadoRyan;
Elsenordelosanillos:Lacomunidaddelanillo;AmericanHistoryX;Terminator2:Eljuiciofinal;Laguerradelasgalaxias;Memento;Regresoalfuturo;Elsenordelosanillos:Lasdostorres;Alieneloctavopasajero;
Elsenordelosanillos:Lacomunidaddelanillo;Seven;Titanic;Elsenordelosanillos:Lasdostorres;Eltrucofinal(Elprestigio);
Elsenordelosanillos:Lacomunidaddelanillo;Elsenordelosanillos:Lasdostorres;Elsextosentido;
Elsenordelosanillos:Lacomunidaddelanillo;Lamillaverde;Apocalypto;Terminator2:Eljuiciofinal;Infiltrados;Laguerradelasgalaxias;Memento;Regresoalfuturo;Elsenordelosanillos:Lasdostorres;Unodelosnuestros;Unamentemaravillosa;Alieneloctavopasajero;
Elsenordelosanillos:Lacomunidaddelanillo;Braveheart;Elsenordelosanillos:Lasdostorres;Alieneloctavopasajero;Batman.Elcaballerooscuro;
Elsenordelosanillos:Lacomunidaddelanillo;Laguerradelasgalaxias;ApocalypseNow;Regresoalfuturo;Elsenordelosanillos:Lasdostorres;AmericanBeauty;Alieneloctavopasajero;
Elsenordelosanillos:Lacomunidaddelanillo;
Elsenordelosanillos:Lacomunidaddelanillo;Lamillaverde;Apocalypto;Braveheart;Terminator2:Eljuiciofinal;Elclubdelalucha;Laguerradelasgalaxias;Memento;Regresoalfuturo;Elsenordelosanillos:Lasdostorres;Eltrucofinal(Elprestigio);Unodelosnuestros;Intocable;Interstellar;Alieneloctavopasajero;Elresplandor;
Elsenordelosanillos:Lacomunidaddelanillo;Elpianista;Regresoalfuturo;Elsenordelosanillos:Lasdostorres;Elsextosentido;Interstellar;
Elsenordelosanillos:Lacomunidaddelanillo;Terminator2:Eljuiciofinal;Elclubdelalucha;Laguerradelasgalaxias;Titanic;Elsenordelosanillos:Lasdostorres;AmericanBeauty;
Elsenordelosanillos:Lacomunidaddelanillo;
Elsenordelosanillos:Lacomunidaddelanillo;Elsenordelosanillos:Lasdostorres;Intocable;
Elsenordelosanillos:Lacomunidaddelanillo;Laguerradelasgalaxias;Losmiserables;Regresoalfuturo;Elsenordelosanillos:Lasdostorres;
Elsenordelosanillos:Lacomunidaddelanillo;Terminator2:Eljuiciofinal;Laguerradelasgalaxias;Regresoalfuturo;Elsenordelosanillos:Lasdostorres;
AmericanHistoryX;Terminator2:Eljuiciofinal;Laguerradelasgalaxias;Memento;Regresoalfuturo;Elsenordelosanillos:Lasdostorres;Alieneloctavopasajero;
AmericanHistoryX;Origen;Braveheart;Terminator2:Eljuiciofinal;Elclubdelalucha;Laguerradelasgalaxias;Memento;Regresoalfuturo;Eltrucofinal(Elprestigio);Unodelosnuestros;Requiemporunsueno;Elsextosentido;Interstellar;Alieneloctavopasajero;Elresplandor;Batman.Elcaballerooscuro;
AmericanHistoryX;Lamillaverde;Terminator2:Eljuiciofinal;Elclubdelalucha;Infiltrados;Memento;ApocalypseNow;Regresoalfuturo;Eltrucofinal(Elprestigio);Batman.Elcaballerooscuro;
AmericanHistoryX;Seven;Apocalypto;Unodelosnuestros;Requiemporunsueno;Intocable;Unamentemaravillosa;Alieneloctavopasajero;
AmericanHistoryX;Origen;Apocalypto;Terminator2:Eljuiciofinal;Elclubdelalucha;Laguerradelasgalaxias;Memento;ApocalypseNow;Regresoalfuturo;Unodelosnuestros;Interstellar;Alieneloctavopasajero;Elresplandor;
AmericanHistoryX;Laguerradelasgalaxias;Batman.Elcaballerooscuro;
Lamillaverde;Apocalypto;Terminator2:Eljuiciofinal;Infiltrados;Laguerradelasgalaxias;Memento;Regresoalfuturo;Elsenordelosanillos:Lasdostorres;Unodelosnuestros;Unamentemaravillosa;Alieneloctavopasajero;
Lamillaverde;Terminator2:Eljuiciofinal;Elclubdelalucha;Infiltrados;Memento;ApocalypseNow;Regresoalfuturo;Eltrucofinal(Elprestigio);Batman.Elcaballerooscuro;
Lamillaverde;Seven;Braveheart;Terminator2:Eljuiciofinal;Memento;ApocalypseNow;Requiemporunsueno;Elsextosentido;Alieneloctavopasajero;Elresplandor;
Lamillaverde;Seven;Apocalypto;Infiltrados;Laguerradelasgalaxias;ApocalypseNow;Regresoalfuturo;Elsextosentido;Intocable;Interstellar;Alieneloctavopasajero;Elresplandor;
Lamillaverde;Apocalypto;Braveheart;Terminator2:Eljuiciofinal;Elclubdelalucha;Laguerradelasgalaxias;Memento;Regresoalfuturo;Elsenordelosanillos:Lasdostorres;Eltrucofinal(Elprestigio);Unodelosnuestros;Intocable;Interstellar;Alieneloctavopasajero;Elresplandor;
Origen;Braveheart;Terminator2:Eljuiciofinal;Elclubdelalucha;Laguerradelasgalaxias;Memento;Regresoalfuturo;Eltrucofinal(Elprestigio);Unodelosnuestros;Requiemporunsueno;Elsextosentido;Interstellar;Alieneloctavopasajero;Elresplandor;Batman.Elcaballerooscuro;
Origen;Braveheart;Titanic;Regresoalfuturo;
Origen;Elsextosentido;
Origen;Apocalypto;Terminator2:Eljuiciofinal;Elclubdelalucha;Laguerradelasgalaxias;Memento;ApocalypseNow;Regresoalfuturo;Unodelosnuestros;Interstellar;Alieneloctavopasajero;Elresplandor;
Origen;Regresoalfuturo;Elsenordelosanillos:Lasdostorres;
Seven;Titanic;Elsenordelosanillos:Lasdostorres;Eltrucofinal(Elprestigio);
Seven;Braveheart;Terminator2:Eljuiciofinal;Memento;ApocalypseNow;Requiemporunsueno;Elsextosentido;Alieneloctavopasajero;Elresplandor;
Seven;Apocalypto;Infiltrados;Laguerradelasgalaxias;ApocalypseNow;Regresoalfuturo;Elsextosentido;Intocable;Interstellar;Alieneloctavopasajero;Elresplandor;
Seven;
Seven;Apocalypto;Unodelosnuestros;Requiemporunsueno;Intocable;Unamentemaravillosa;Alieneloctavopasajero;
Seven;Braveheart;Laguerradelasgalaxias;Losmiserables;Titanic;ApocalypseNow;AmericanBeauty;Elreyleon;Elresplandor;Batman.Elcaballerooscuro;
Apocalypto;Terminator2:Eljuiciofinal;Infiltrados;Laguerradelasgalaxias;Memento;Regresoalfuturo;Elsenordelosanillos:Lasdostorres;Unodelosnuestros;Unamentemaravillosa;Alieneloctavopasajero;
Apocalypto;Infiltrados;Laguerradelasgalaxias;ApocalypseNow;Regresoalfuturo;Elsextosentido;Intocable;Interstellar;Alieneloctavopasajero;Elresplandor;
Apocalypto;Braveheart;Terminator2:Eljuiciofinal;Elclubdelalucha;Laguerradelasgalaxias;Memento;Regresoalfuturo;Elsenordelosanillos:Lasdostorres;Eltrucofinal(Elprestigio);Unodelosnuestros;Intocable;Interstellar;Alieneloctavopasajero;Elresplandor;
Apocalypto;Unodelosnuestros;Requiemporunsueno;Intocable;Unamentemaravillosa;Alieneloctavopasajero;
Apocalypto;Terminator2:Eljuiciofinal;Elclubdelalucha;Laguerradelasgalaxias;Memento;ApocalypseNow;Regresoalfuturo;Unodelosnuestros;Interstellar;Alieneloctavopasajero;Elresplandor;
Apocalypto;
Apocalypto;
Braveheart;Terminator2:Eljuiciofinal;Elclubdelalucha;Elpianista;Infiltrados;Laguerradelasgalaxias;Losmiserables;Titanic;Memento;ApocalypseNow;Regresoalfuturo;Elsenordelosanillos:Lasdostorres;Eltrucofinal(Elprestigio);AmericanBeauty;Elreyleon;Unodelosnuestros;Requiemporunsueno;Elsextosentido;Intocable;Unamentemaravillosa;Interstellar;Alieneloctavopasajero;Elresplandor;Batman.Elcaballerooscuro;
Braveheart;Terminator2:Eljuiciofinal;Elclubdelalucha;Laguerradelasgalaxias;Memento;Regresoalfuturo;Eltrucofinal(Elprestigio);Unodelosnuestros;Requiemporunsueno;Elsextosentido;Interstellar;Alieneloctavopasajero;Elresplandor;Batman.Elcaballerooscuro;
Braveheart;Elsenordelosanillos:Lasdostorres;Alieneloctavopasajero;Batman.Elcaballerooscuro;
Braveheart;Terminator2:Eljuiciofinal;Memento;ApocalypseNow;Requiemporunsueno;Elsextosentido;Alieneloctavopasajero;Elresplandor;
Braveheart;Terminator2:Eljuiciofinal;Elclubdelalucha;Laguerradelasgalaxias;Memento;Regresoalfuturo;Elsenordelosanillos:Lasdostorres;Eltrucofinal(Elprestigio);Unodelosnuestros;Intocable;Interstellar;Alieneloctavopasajero;Elresplandor;
Braveheart;Titanic;Regresoalfuturo;
Braveheart;Laguerradelasgalaxias;Losmiserables;Titanic;ApocalypseNow;AmericanBeauty;Elreyleon;Elresplandor;Batman.Elcaballerooscuro;
Braveheart;Elreyleon;
Terminator2:Eljuiciofinal;Laguerradelasgalaxias;Memento;Regresoalfuturo;Elsenordelosanillos:Lasdostorres;Alieneloctavopasajero;
Terminator2:Eljuiciofinal;Elclubdelalucha;Laguerradelasgalaxias;Memento;Regresoalfuturo;Eltrucofinal(Elprestigio);Unodelosnuestros;Requiemporunsueno;Elsextosentido;Interstellar;Alieneloctavopasajero;Elresplandor;Batman.Elcaballerooscuro;
Terminator2:Eljuiciofinal;Infiltrados;Laguerradelasgalaxias;Memento;Regresoalfuturo;Elsenordelosanillos:Lasdostorres;Unodelosnuestros;Unamentemaravillosa;Alieneloctavopasajero;
Terminator2:Eljuiciofinal;Laguerradelasgalaxias;ApocalypseNow;Elresplandor;
Terminator2:Eljuiciofinal;Elclubdelalucha;Infiltrados;Memento;ApocalypseNow;Regresoalfuturo;Eltrucofinal(Elprestigio);Batman.Elcaballerooscuro;
Terminator2:Eljuiciofinal;Memento;ApocalypseNow;Requiemporunsueno;Elsextosentido;Alieneloctavopasajero;Elresplandor;
Terminator2:Eljuiciofinal;Laguerradelasgalaxias;Batman.Elcaballerooscuro;
Terminator2:Eljuiciofinal;Laguerradelasgalaxias;Batman.Elcaballerooscuro;
Terminator2:Eljuiciofinal;Elclubdelalucha;Laguerradelasgalaxias;Memento;Regresoalfuturo;Elsenordelosanillos:Lasdostorres;Eltrucofinal(Elprestigio);Unodelosnuestros;Intocable;Interstellar;Alieneloctavopasajero;Elresplandor;
Terminator2:Eljuiciofinal;Regresoalfuturo;Elsextosentido;
Terminator2:Eljuiciofinal;Elclubdelalucha;Laguerradelasgalaxias;Titanic;Elsenordelosanillos:Lasdostorres;AmericanBeauty;
Terminator2:Eljuiciofinal;Elclubdelalucha;Laguerradelasgalaxias;Memento;ApocalypseNow;Regresoalfuturo;Unodelosnuestros;Interstellar;Alieneloctavopasajero;Elresplandor;
Terminator2:Eljuiciofinal;Laguerradelasgalaxias;Regresoalfuturo;Elsenordelosanillos:Lasdostorres;
Terminator2:Eljuiciofinal;Batman.Elcaballerooscuro;
Elclubdelalucha;Laguerradelasgalaxias;Memento;Regresoalfuturo;Eltrucofinal(Elprestigio);Unodelosnuestros;Requiemporunsueno;Elsextosentido;Interstellar;Alieneloctavopasajero;Elresplandor;Batman.Elcaballerooscuro;
Elclubdelalucha;Infiltrados;Memento;ApocalypseNow;Regresoalfuturo;Eltrucofinal(Elprestigio);Batman.Elcaballerooscuro;
Elclubdelalucha;Laguerradelasgalaxias;Memento;Regresoalfuturo;Elsenordelosanillos:Lasdostorres;Eltrucofinal(Elprestigio);Unodelosnuestros;Intocable;Interstellar;Alieneloctavopasajero;Elresplandor;
Elclubdelalucha;Laguerradelasgalaxias;Titanic;Elsenordelosanillos:Lasdostorres;AmericanBeauty;
Elclubdelalucha;Laguerradelasgalaxias;Memento;ApocalypseNow;Regresoalfuturo;Unodelosnuestros;Interstellar;Alieneloctavopasajero;Elresplandor;
Elpianista;Regresoalfuturo;Elsenordelosanillos:Lasdostorres;Elsextosentido;Interstellar;
Infiltrados;Laguerradelasgalaxias;Memento;Regresoalfuturo;Elsenordelosanillos:Lasdostorres;Unodelosnuestros;Unamentemaravillosa;Alieneloctavopasajero;
Infiltrados;Memento;ApocalypseNow;Regresoalfuturo;Eltrucofinal(Elprestigio);Batman.Elcaballerooscuro;
Infiltrados;Laguerradelasgalaxias;ApocalypseNow;Regresoalfuturo;Elsextosentido;Intocable;Interstellar;Alieneloctavopasajero;Elresplandor;
Infiltrados;ApocalypseNow;Elresplandor;
Laguerradelasgalaxias;Memento;Regresoalfuturo;Elsenordelosanillos:Lasdostorres;Alieneloctavopasajero;
Laguerradelasgalaxias;Memento;Regresoalfuturo;Eltrucofinal(Elprestigio);Unodelosnuestros;Requiemporunsueno;Elsextosentido;Interstellar;Alieneloctavopasajero;Elresplandor;Batman.Elcaballerooscuro;
Laguerradelasgalaxias;Memento;Regresoalfuturo;Elsenordelosanillos:Lasdostorres;Unodelosnuestros;Unamentemaravillosa;Alieneloctavopasajero;
Laguerradelasgalaxias;ApocalypseNow;Elresplandor;
Laguerradelasgalaxias;ApocalypseNow;Regresoalfuturo;Elsenordelosanillos:Lasdostorres;AmericanBeauty;Alieneloctavopasajero;
Laguerradelasgalaxias;ApocalypseNow;Regresoalfuturo;Elsextosentido;Intocable;Interstellar;Alieneloctavopasajero;Elresplandor;
Laguerradelasgalaxias;
Laguerradelasgalaxias;Batman.Elcaballerooscuro;
Laguerradelasgalaxias;Batman.Elcaballerooscuro;
Laguerradelasgalaxias;Memento;Regresoalfuturo;Elsenordelosanillos:Lasdostorres;Eltrucofinal(Elprestigio);Unodelosnuestros;Intocable;Interstellar;Alieneloctavopasajero;Elresplandor;
Laguerradelasgalaxias;Titanic;Elsenordelosanillos:Lasdostorres;AmericanBeauty;
Laguerradelasgalaxias;Memento;ApocalypseNow;Regresoalfuturo;Unodelosnuestros;Interstellar;Alieneloctavopasajero;Elresplandor;
Laguerradelasgalaxias;Losmiserables;Titanic;ApocalypseNow;AmericanBeauty;Elreyleon;Elresplandor;Batman.Elcaballerooscuro;
Laguerradelasgalaxias;Losmiserables;Regresoalfuturo;Elsenordelosanillos:Lasdostorres;
Laguerradelasgalaxias;Regresoalfuturo;Elsenordelosanillos:Lasdostorres;
Laguerradelasgalaxias;Batman.Elcaballerooscuro;
Losmiserables;Titanic;ApocalypseNow;AmericanBeauty;Elreyleon;Elresplandor;Batman.Elcaballerooscuro;
Losmiserables;Regresoalfuturo;Elsenordelosanillos:Lasdostorres;
Losmiserables;Regresoalfuturo;
Titanic;Elsenordelosanillos:Lasdostorres;Eltrucofinal(Elprestigio);
Titanic;Requiemporunsueno;
Titanic;Elsenordelosanillos:Lasdostorres;AmericanBeauty;
Titanic;Regresoalfuturo;
Titanic;ApocalypseNow;AmericanBeauty;Elreyleon;Elresplandor;Batman.Elcaballerooscuro;
Titanic;Unamentemaravillosa;
Titanic;Elreyleon;
Memento;Regresoalfuturo;Elsenordelosanillos:Lasdostorres;Alieneloctavopasajero;
Memento;Regresoalfuturo;Eltrucofinal(Elprestigio);Unodelosnuestros;Requiemporunsueno;Elsextosentido;Interstellar;Alieneloctavopasajero;Elresplandor;Batman.Elcaballerooscuro;
Memento;Regresoalfuturo;Elsenordelosanillos:Lasdostorres;Unodelosnuestros;Unamentemaravillosa;Alieneloctavopasajero;
Memento;ApocalypseNow;Regresoalfuturo;Eltrucofinal(Elprestigio);Batman.Elcaballerooscuro;
Memento;ApocalypseNow;Requiemporunsueno;Elsextosentido;Alieneloctavopasajero;Elresplandor;
Memento;Regresoalfuturo;Elsenordelosanillos:Lasdostorres;Eltrucofinal(Elprestigio);Unodelosnuestros;Intocable;Interstellar;Alieneloctavopasajero;Elresplandor;
Memento;ApocalypseNow;Regresoalfuturo;Unodelosnuestros;Interstellar;Alieneloctavopasajero;Elresplandor;
ApocalypseNow;Elresplandor;
ApocalypseNow;Regresoalfuturo;Eltrucofinal(Elprestigio);Batman.Elcaballerooscuro;
ApocalypseNow;Regresoalfuturo;Elsenordelosanillos:Lasdostorres;AmericanBeauty;Alieneloctavopasajero;
ApocalypseNow;Requiemporunsueno;Elsextosentido;Alieneloctavopasajero;Elresplandor;
ApocalypseNow;Regresoalfuturo;Elsextosentido;Intocable;Interstellar;Alieneloctavopasajero;Elresplandor;
ApocalypseNow;Elresplandor;
ApocalypseNow;Regresoalfuturo;Unodelosnuestros;Interstellar;Alieneloctavopasajero;Elresplandor;
ApocalypseNow;AmericanBeauty;Elreyleon;Elresplandor;Batman.Elcaballerooscuro;
Regresoalfuturo;Elsenordelosanillos:Lasdostorres;Alieneloctavopasajero;
Regresoalfuturo;Eltrucofinal(Elprestigio);Unodelosnuestros;Requiemporunsueno;Elsextosentido;Interstellar;Alieneloctavopasajero;Elresplandor;Batman.Elcaballerooscuro;
Regresoalfuturo;Elsenordelosanillos:Lasdostorres;Unodelosnuestros;Unamentemaravillosa;Alieneloctavopasajero;
Regresoalfuturo;Eltrucofinal(Elprestigio);Batman.Elcaballerooscuro;
Regresoalfuturo;Elsenordelosanillos:Lasdostorres;AmericanBeauty;Alieneloctavopasajero;
Regresoalfuturo;Elsextosentido;Intocable;Interstellar;Alieneloctavopasajero;Elresplandor;
Regresoalfuturo;Elsenordelosanillos:Lasdostorres;Eltrucofinal(Elprestigio);Unodelosnuestros;Intocable;Interstellar;Alieneloctavopasajero;Elresplandor;
Regresoalfuturo;Elsextosentido;
Regresoalfuturo;Elsenordelosanillos:Lasdostorres;Elsextosentido;Interstellar;
Regresoalfuturo;
Regresoalfuturo;Unodelosnuestros;Interstellar;Alieneloctavopasajero;Elresplandor;
Regresoalfuturo;Elsenordelosanillos:Lasdostorres;
Regresoalfuturo;Elsenordelosanillos:Lasdostorres;
Regresoalfuturo;Elsenordelosanillos:Lasdostorres;
Regresoalfuturo;
Elsenordelosanillos:Lasdostorres;Alieneloctavopasajero;
Elsenordelosanillos:Lasdostorres;
Elsenordelosanillos:Lasdostorres;Eltrucofinal(Elprestigio);
Elsenordelosanillos:Lasdostorres;Elsextosentido;
Elsenordelosanillos:Lasdostorres;Unodelosnuestros;Unamentemaravillosa;Alieneloctavopasajero;
Elsenordelosanillos:Lasdostorres;Alieneloctavopasajero;Batman.Elcaballerooscuro;
Elsenordelosanillos:Lasdostorres;AmericanBeauty;Alieneloctavopasajero;
Elsenordelosanillos:Lasdostorres;Eltrucofinal(Elprestigio);Unodelosnuestros;Intocable;Interstellar;Alieneloctavopasajero;Elresplandor;
Elsenordelosanillos:Lasdostorres;Elsextosentido;Interstellar;
Elsenordelosanillos:Lasdostorres;AmericanBeauty;
Elsenordelosanillos:Lasdostorres;Intocable;
Elsenordelosanillos:Lasdostorres;
Elsenordelosanillos:Lasdostorres;
Elsenordelosanillos:Lasdostorres;
Eltrucofinal(Elprestigio);
Eltrucofinal(Elprestigio);Unodelosnuestros;Requiemporunsueno;Elsextosentido;Interstellar;Alieneloctavopasajero;Elresplandor;Batman.Elcaballerooscuro;
Eltrucofinal(Elprestigio);Batman.Elcaballerooscuro;
Eltrucofinal(Elprestigio);Unodelosnuestros;Intocable;Interstellar;Alieneloctavopasajero;Elresplandor;
AmericanBeauty;Alieneloctavopasajero;
AmericanBeauty;
AmericanBeauty;Elreyleon;Elresplandor;Batman.Elcaballerooscuro;
AmericanBeauty;
Elreyleon;Elresplandor;Batman.Elcaballerooscuro;
Elreyleon;
Elreyleon;
Unodelosnuestros;Requiemporunsueno;Elsextosentido;Interstellar;Alieneloctavopasajero;Elresplandor;Batman.Elcaballerooscuro;
Unodelosnuestros;Unamentemaravillosa;Alieneloctavopasajero;
Unodelosnuestros;Intocable;Interstellar;Alieneloctavopasajero;Elresplandor;
Unodelosnuestros;Requiemporunsueno;Intocable;Unamentemaravillosa;Alieneloctavopasajero;
Unodelosnuestros;Interstellar;Alieneloctavopasajero;Elresplandor;
Requiemporunsueno;Elsextosentido;Interstellar;Alieneloctavopasajero;Elresplandor;Batman.Elcaballerooscuro;
Requiemporunsueno;Elsextosentido;Alieneloctavopasajero;Elresplandor;
Requiemporunsueno;
Requiemporunsueno;Intocable;Unamentemaravillosa;Alieneloctavopasajero;
Requiemporunsueno;
Elsextosentido;Interstellar;Alieneloctavopasajero;Elresplandor;Batman.Elcaballerooscuro;
Elsextosentido;
Elsextosentido;Alieneloctavopasajero;Elresplandor;
Elsextosentido;Intocable;Interstellar;Alieneloctavopasajero;Elresplandor;
Elsextosentido;
Elsextosentido;Interstellar;
Elsextosentido;
Intocable;Interstellar;Alieneloctavopasajero;Elresplandor;
Intocable;Interstellar;Alieneloctavopasajero;Elresplandor;
Intocable;Unamentemaravillosa;Alieneloctavopasajero;
Intocable;
Unamentemaravillosa;Alieneloctavopasajero;
Unamentemaravillosa;Alieneloctavopasajero;
Unamentemaravillosa;
Interstellar;Alieneloctavopasajero;Elresplandor;Batman.Elcaballerooscuro;
Interstellar;Alieneloctavopasajero;Elresplandor;
Interstellar;Alieneloctavopasajero;Elresplandor;
Interstellar;
Interstellar;Alieneloctavopasajero;Elresplandor;
Alieneloctavopasajero;
Alieneloctavopasajero;Elresplandor;Batman.Elcaballerooscuro;
Alieneloctavopasajero;
Alieneloctavopasajero;Batman.Elcaballerooscuro;
Alieneloctavopasajero;
Alieneloctavopasajero;Elresplandor;
Alieneloctavopasajero;Elresplandor;
Alieneloctavopasajero;Elresplandor;
Alieneloctavopasajero;
Alieneloctavopasajero;Elresplandor;
Elresplandor;Batman.Elcaballerooscuro;
Elresplandor;
Elresplandor;
Elresplandor;
Elresplandor;
Elresplandor;
Elresplandor;
Elresplandor;Batman.Elcaballerooscuro;
